Timestamp (micros),Sensor1 (mV),Sensor2 (mV),Label
53864,9025,2809,6
56100,441,121,6
58236,121,36,6
60668,400,324,6
78336,196,400,6
96024,4,1,6
109524,121,625,6
128272,0,100,6
144896,25,196,6
162580,144,121,6
181308,36,121,6
198960,36,1444,6
217704,9,1849,6
235372,4,1764,6
253060,256,1369,6
272820,144,0,6
289460,4,64,6
305052,0,121,6
321700,100,144,6
340416,4,256,6
357060,1,25,6
372648,16,16,6
389312,1,1089,6
406976,1,1600,6
424652,144,2025,6
444400,121,3721,6
464176,121,441,6
482892,225,144,6
501628,9,484,6
518264,9,900,6
534904,49,81,6
551528,36,1444,6
570256,4,3364,6
587932,100,1521,6
607708,121,1936,6
627456,9,5476,6
645136,81,5041,6
663856,256,196,6
682568,4,484,6
699232,36,576,6
716916,4,100,6
733536,49,784,6
751208,1,1444,6
768892,529,3025,6
788656,361,2601,6
808408,196,324,6
827136,256,289,6
845852,9,36,6
861468,1,841,6
878104,4,196,6
894728,64,441,6
912416,0,121,6
929060,25,169,6
946744,36,144,6
964412,25,1225,6
983148,4,169,6
999788,1,225,6
1016412,0,1444,6
1035120,25,11449,6
1055944,361,4356,6
1076732,289,196,6
1096488,1,1521,6
1115208,64,169,6
1133944,36,1849,6
1153692,36,196,6
1172412,1,169,6
1190108,16,4,6
1206732,121,256,6
1226484,4,289,6
1244172,1,2025,6
1262904,0,4,6
1278504,36,1156,6
1298272,225,100,6
1318012,196,900,6
1337780,4,169,6
1355464,324,484,6
1375204,81,2500,6
1394984,9,3136,6
1413684,1,3969,6
1432420,25,0,6
1449064,196,13225,6
1470876,961,1024,6
1491688,324,576,6
1511460,36,625,6
1530168,1,1089,6
1548900,0,289,6
1566568,100,676,6
1586336,9,81,6
1602964,121,2116,6
1623772,25,2304,6
1643540,36,225,6
1662272,64,36,6
1679932,49,289,6
1698648,0,1225,6
1717372,16,3364,6
1737132,81,144,6
1755868,36,1369,6
1775596,289,4624,6
1796412,64,4096,6
1816176,361,144,6
1835936,289,676,6
1855692,64,4225,6
1875452,25,2116,6
1895208,289,49,6
1913944,36,676,6
1932660,256,529,6
1952416,0,49,6
1969052,0,1,6
1984668,9,324,6
2002348,16,4,6
2018980,9,1600,6
2037692,64,4489,6
2057468,529,4225,6
2078240,144,289,6
2098008,16,324,6
2116728,9,196,6
2134416,0,625,6
2152104,169,484,6
2171840,256,1521,6
2192656,0,529,6
2210336,1,3844,6
2229056,1,8281,6
2247772,361,11236,6
2269612,256,24649,6
2291444,361,13924,6
2313296,729,841,6
2333080,25,144,6
2351780,256,256,6
2371528,16,576,6
2390248,49,2601,6
2410008,144,1156,6
2430816,0,1849,6
2449532,49,0,6
2466176,81,2401,6
2485932,81,9,6
2502556,289,196,6
2522328,121,3600,6
2543144,0,1936,6
2561856,256,36,6
2580576,1,4761,6
2599300,1,8649,6
2618012,0,2601,6
2636736,100,9,6
2654428,49,576,6
2673128,9,3136,6
2691848,1,20164,6
2711616,676,10816,6
2733460,676,49,6
2752172,0,9,6
2767760,16,4096,6
2787544,484,529,6
2807296,324,2209,6
2828092,36,484,6
2846824,100,3025,6
2867612,121,7569,6
2888404,16,6889,6
2908172,100,2500,6
2928984,256,529,6
2948736,0,900,6
2966412,16,25,6
2984104,100,16,6
3002808,36,64,6
3020504,0,729,6
3038168,36,1369,6
3057936,25,729,6
3076644,400,3844,6
3097444,49,11449,6
3118256,121,324,6
3138000,9,9216,6
3156728,225,15625,6
3178576,529,4624,6
3199368,484,3364,6
3220168,100,5184,6
3240968,1,2601,6
3259696,16,961,6
3278404,121,2401,6
3299208,169,10201,6
3321052,256,9604,6
3341856,676,5476,6
3362648,361,5776,6
3383464,144,625,6
3403208,144,1156,6
3423996,36,14884,6
3444816,484,13225,6
3466668,2116,1849,6
3488492,625,3721,6
3509300,9,9604,6
3528016,36,0,6
3544640,121,6889,6
3565444,100,9216,6
3586252,676,5476,6
3607048,289,900,6
3626800,49,4761,6
3646576,144,8649,6
3667384,676,169,6
3687132,49,3969,6
3706900,144,3600,6
3727692,49,196,6
3746412,49,1225,6
3766164,81,225,6
3784900,16,576,6
3803604,324,9801,6
3824404,16,11881,6
3845212,729,9025,6
3866012,289,441,6
3885772,196,4096,6
3906584,36,4225,6
3926336,256,64,6
3945052,25,225,6
3963748,441,17956,6
3985620,9,0,6
4001216,1936,2704,6
4023040,900,5041,6
4043852,121,3600,6
4064656,81,3136,6
4084408,1,16900,6
4104168,100,729,6
4123940,676,6724,6
4144736,9,576,6
4162396,256,2601,6
4183216,25,36,6
4200896,121,676,6
4220656,81,625,6
4239380,1,64,6
4256008,64,2025,6
4275760,1,1936,6
4294484,100,64,6
4313220,144,2704,6
4334004,100,3481,6
4354800,169,1444,6
4375620,9,12996,6
4395388,225,2209,6
4416176,36,64,6
4433852,1,4,6
4449464,9,196,6
4467136,0,2704,6
4485852,4,400,6
4503520,400,361,6
4523292,64,1156,6
4543044,64,9801,6
4562812,225,14161,6
4584640,529,4761,6
4605460,1,3844,6
4624176,9,2809,6
4642896,289,49,6
4661628,16,144,6
4680336,9,1444,6
4699048,81,676,6
4717772,16,49,6
4735452,144,25,6
4754176,4,625,6
4771872,81,4,6
4788496,169,121,6
4808264,256,196,6
4828000,16,0,6
4844652,64,625,6
4863376,49,1,6
4880016,0,0,6
4895604,1,169,6
4913304,0,441,6
4930976,36,2916,6
4950732,0,8836,6
4969456,1,4225,6
4988176,484,144,6
5007932,225,900,6
5027684,36,1156,6
5047452,100,25,6
5066168,144,2304,6
5086984,64,1225,6
5106748,25,49,6
5124432,4,1089,6
5143128,81,121,6
5161844,16,2304,6
5181624,9,25,6
5198248,100,2116,6
5219060,361,361,6
5238824,256,196,6
5258584,0,225,6
5276248,49,1764,6
5296016,0,1225,6
5314752,1,256,6
5332424,16,324,6
5351132,0,144,6
5368812,1,169,6
5386504,9,441,6
5404180,36,1936,6
5423940,289,841,6
5443700,144,100,6
5463456,1,361,6
5481148,0,2500,6
5499840,16,484,6
5518564,169,5329,6
5539372,4,6400,6
5558092,196,1,6
5575792,25,36,6
5593464,16,121,6
5612168,144,1849,6
5632968,1,49,6
5649612,196,484,6
5669364,100,100,6
5689116,0,4096,6
5707872,0,4,6
5723452,400,64,6
5742168,9,2304,6
5760888,36,289,6
5779612,225,1444,6
5800400,36,11664,6
5821208,64,841,6
5839940,324,1936,6
5860744,49,324,6
5879444,121,3600,6
5900228,36,13689,6
5921056,484,5929,6
5941860,1089,64,6
5961616,1,841,6
5979292,25,324,6
5998004,841,3136,6
6018820,81,1089,6
6038588,0,0,6
6054176,64,1764,6
6073936,0,5476,6
6092656,49,1,6
6109296,324,3136,6
6130100,16,289,6
6148808,225,81,6
6167524,25,81,6
6185220,49,841,6
6203936,0,2601,6
6222644,121,5625,6
6243460,289,4624,6
6264260,144,1681,6
6285056,100,625,6
6304832,36,196,6
6323536,0,676,6
6341212,0,784,6
6358892,9,1,6
6374500,1,1296,6
6393220,16,2916,6
6412980,169,676,6
6432712,324,3721,6
6453528,121,8281,6
6474340,484,144,6
6494092,169,961,6
6513860,196,144,6
6533616,4,784,6
6551296,256,169,6
6571064,49,3364,6
6590836,225,2209,6
6611604,64,16,6
6629280,256,1089,6
6650088,81,324,6
6668820,81,144,6
6687536,16,36,6
6705224,25,36,6
6722896,0,64,6
6739532,25,2025,6
6759284,81,169,6
6778028,169,1764,6
6798828,196,2209,6
6819612,324,256,6
6839368,4,2304,6
6858092,1,900,6
6875764,64,1296,6
6895528,64,49,6
6913212,36,36,6
6930892,36,2601,6
6950644,36,441,6
6969380,625,1,6
6987052,16,289,6
7005776,0,1156,6
7024500,0,169,6
7042176,100,49,6
7060908,25,625,6
7079600,49,3025,6
7099364,256,81,6
7118096,121,1,6
7135776,9,64,6
7152420,0,0,6
7168024,4,16,6
7184656,25,625,6
7203376,25,400,6
7222092,81,2601,6
7241856,100,64,6
7260580,36,1521,6
7280324,100,1156,6
7301160,81,1024,6
7320900,49,289,6
7339604,121,1225,6
7360416,1,1296,6
7379140,169,1225,6
7399936,0,5184,6
7418648,324,4624,6
7439452,81,961,6
7458180,49,64,6
7475844,4,441,6
7493536,36,1296,6
7513300,25,576,6
7532020,100,25,6
7550736,1,289,6
7568416,25,49,6
7586120,1,1,6
7601708,25,100,6
7620420,0,0,6
7636024,9,361,6
7653692,100,484,6
7673448,4,529,6
7691124,36,1369,6
7710896,16,676,6
7729612,1,900,6
7747288,49,196,6
7766028,1,361,6
7783712,25,400,6
7802408,16,2304,6
7822188,121,1849,6
7842976,100,1444,6
7863764,196,676,6
7883532,225,225,6
7903296,4,2401,6
7922012,16,6561,6
7941764,400,324,6
7961532,121,1521,6
7982328,169,1764,6
8003144,121,729,6
8022896,1,64,6
8039540,25,576,6
8058252,0,1681,6
8076980,1,1764,6
8095684,100,2116,6
8116500,144,361,6
8136260,49,9,6
8152896,16,169,6
8171628,4,576,6
8189308,4,36,6
8205940,1,64,6
8222576,16,196,6
8241304,16,0,6
8257948,49,121,6
8276648,16,784,6
8295372,16,100,6
8314104,0,81,6
8330744,4,64,6
8347380,1,16,6
8364016,9,1024,6
8382752,144,1444,6
8403524,289,2704,6
8424328,36,3600,6
8444108,144,576,6
8463852,169,1,6
8481540,0,729,6
8499220,4,100,6
8516896,25,1089,6
8536652,0,1024,6
8555368,81,100,6
8574088,9,121,6
8591780,0,1225,6
8610480,36,3481,6
8630236,169,6241,6
8651056,400,1681,6
8671848,484,64,6
8690568,16,1369,6
8710332,49,2916,6
8730092,49,1369,6
8749848,121,225,6
8769620,0,49,6
8786264,36,1444,6
8806012,16,2209,6
8825764,64,676,6
8844492,9,0,6
8860084,1,324,6
8877760,0,1089,6
8896476,36,576,6
8915220,49,729,6
8933940,0,0,6
8949528,9,81,6
8966172,1,1369,6
8984888,0,1024,6
9003608,81,289,6
9022332,1,529,6
9040028,4,144,6
9057704,16,1369,6
9077448,4,2304,6
9096168,36,9,6
9112808,36,49,6
9130492,9,529,6
9148172,1,784,6
9165856,9,144,6
9183548,9,1,6
9199156,25,1,6
9215768,0,144,6
9233468,0,25,6
9250100,4,36,6
9266728,36,64,6
9284424,9,100,6
9302108,9,16,6
9318736,25,256,6
9337460,64,1,6
9354104,0,64,6
9370756,1,36,6
9387380,1,36,6
9404028,0,100,6
9421680,100,1849,6
9442492,49,6400,6
9462252,64,169,6
9480976,289,3364,6
9501784,4,5184,6
9520496,169,2916,6
9541296,49,169,6
9560020,64,4,6
9576664,16,400,6
9595368,1,841,6
9613048,49,25,6
9630752,64,144,6
9649464,0,49,6
9666100,1,36,6
9682740,16,676,6
9701464,9,81,6
9718100,0,625,6
9735788,4,1089,6
9754492,64,256,6
9773220,100,49,6
9791940,1,4,6
9807544,36,361,6
9826248,0,4,6
9841868,25,121,6
9860584,0,9,6
9876172,9,36,6
9892820,4,729,6
9910496,4,900,6
9928184,16,324,6
9946896,0,2025,6
9965616,25,4096,6
9985388,256,9,6
10003052,121,1089,6
10024896,25,36,6
10043628,1,1024,6
10063384,100,1764,3
10085212,36,400,3
10104984,36,361,3
10124744,64,4,3
10142420,16,81,3
10161132,4,676,3
10179852,1,3136,3
10199616,169,3249,3
10221456,169,900,3
10242252,196,1156,3
10264088,256,576,3
10284892,144,1089,3
10306740,0,64,3
10324408,0,1444,3
10344176,169,484,3
10364984,121,4,3
10383696,0,289,3
10402408,25,3481,3
10423200,4,3249,3
10442976,225,1764,3
10464808,16,5041,3
10485612,9,6400,3
10505380,576,1024,3
10527220,256,36,3
10546984,4,289,3
10565712,16,900,3
10585456,169,36,3
10605216,25,361,3
10624960,169,36,3
10644744,16,225,3
10664500,9,2500,3
10684260,144,49,3
10704032,4,324,3
10722724,121,1849,3
10744576,36,6561,3
10765376,400,1089,3
10787228,16,36,3
10805936,1,4,3
10822572,36,36,3
10841308,1,0,3
10857944,4,64,3
10875616,25,0,3
10893284,0,16,3
10910980,16,4,3
10928668,16,0,3
10946340,16,9,3
10964028,9,4,3
10980656,0,0,3
10997292,25,25,3
11016020,1,1,3
11032668,1,36,3
11050336,1,0,3
11066976,1,4,3
11083604,0,0,3
11100256,0,0,3
11116896,0,0,3
11133540,9,1,3
11150176,16,1,3
11167856,16,4,3
11185540,64,36,3
11204256,25,1,3
11221932,1,1,3
11238588,9,1,3
11255216,1,25,3
11272900,16,25,3
11291624,1,4,3
11308268,0,0,3
11324896,1,9,3
11341540,4,0,3
11358172,9,0,3
11374820,9,1,3
11391452,25,9,3
11409136,4,25,3
11426812,4,0,3
11443464,1,0,3
11460096,0,0,3
11476740,9,64,3
11494428,25,144,3
11514188,9,16,3
11531856,1,16,3
11549520,16,676,3
11569296,1,1156,3
11589064,1,9,3
11605700,1,25,3
11623372,25,169,3
11643144,1,961,3
11661860,16,841,3
11681620,25,25,3
11700344,16,49,3
11719060,25,9,3
11736740,9,16,3
11754416,4,169,3
11773144,49,196,3
11792904,4,289,3
11811612,144,1936,3
11833464,625,64,3
11853220,361,676,3
11874020,25,9,3
11891684,16,1089,3
11912500,0,225,3
11931228,121,484,3
11952004,0,5184,3
11971776,0,3136,3
11991528,324,729,3
12012328,64,729,3
12032100,9,17161,3
12052892,529,7056,3
12074736,676,144,3
12095544,9,484,3
12114256,16,1369,3
12135056,100,36,3
12154820,16,4,3
12172504,49,49,3
12191212,100,2704,3
12213044,25,7056,3
12233852,729,2809,3
12255688,16,225,3
12275440,121,0,3
12294172,16,1764,3
12314980,4,441,3
12333700,25,3249,3
12354484,25,361,3
12374248,9,6084,3
12394020,324,1764,3
12415848,441,1521,3
12437688,1,5041,3
12457456,64,225,3
12477208,256,289,3
12498016,0,1600,3
12517780,324,1089,3
12539612,625,361,3
12560412,4,4,3
12577060,1,1444,3
12596808,25,576,3
12616560,289,289,3
12637368,49,841,3
12657132,1,441,3
12675840,64,1521,3
12696648,16,961,3
12716416,144,144,3
12737216,64,900,3
12756956,16,3025,3
12777776,49,400,3
12797544,49,16,3
12816256,121,961,3
12837060,324,961,3
12857832,289,441,3
12878644,81,3025,3
12899452,4,3844,3
12919212,196,1444,3
12941044,100,1089,3
12962888,36,529,3
12982660,81,841,3
13002420,441,169,3
13023204,529,400,3
13044016,1,25,3
13061696,9,64,3
13079384,49,100,3
13099144,4,1849,3
13118876,64,2500,3
13139684,36,1,3
13157364,25,1849,3
13178176,64,3025,3
13198964,484,196,3
13219752,100,324,3
13240572,0,9,3
13257204,81,2500,3
13278016,121,1089,3
13299860,676,676,3
13320648,1,3600,3
13340408,256,7921,3
13362256,169,1849,3
13384096,625,361,3
13404884,256,25,3
13424652,100,4761,3
13446492,25,8649,3
13467292,361,361,3
13488084,144,1936,3
13509936,25,5776,3
13530724,81,5184,3
13551524,676,0,3
13570268,625,36,3
13590012,81,100,3
13609768,324,2116,3
13631612,25,729,3
13651372,25,2304,3
13672164,9,196,3
13690896,1,3136,3
13710676,9,400,3
13729376,121,1225,3
13751204,1,729,3
13769936,100,64,3
13789700,1,81,3
13807368,9,361,3
13826100,49,7225,3
13846892,196,1521,3
13868736,576,100,3
13889532,1,81,3
13907224,9,1600,3
13926976,169,484,3
13947776,1,64,3
13965456,64,3844,3
13986244,121,7056,3
14008088,784,81,3
14027856,1,289,3
14046580,121,484,3
14067372,16,2304,3
14088172,121,144,3
14108992,169,9,3
14127696,196,4,3
14146404,16,961,3
14166164,324,3249,3
14188012,81,64,3
14206728,361,441,3
14227544,676,3600,3
14249372,625,841,3
14270160,121,2209,3
14292028,4,12321,3
14312812,441,6724,3
14334656,400,361,3
14355448,1,36,3
14373132,0,729,3
14391844,25,3600,3
14412660,0,729,3
14431380,25,361,3
14451116,49,2500,3
14471940,9,225,3
14490656,100,2304,3
14512492,1,19600,3
14533276,441,15129,3
14556148,1764,5929,3
14579060,441,576,3
14599860,625,289,3
14620648,625,441,3
14641456,0,1600,3
14661216,16,49,3
14679920,169,900,3
14700732,1,2304,3
14720480,64,3249,3
14741288,64,11236,3
14763136,361,7921,3
14784976,784,625,3
14805776,81,225,3
14825548,16,900,3
14845304,49,400,3
14865068,0,49,3
14882724,289,36,3
14902508,100,484,3
14923308,25,16,3
14942016,4,49,3
14959696,1,4,3
14976336,144,1521,3
14998176,4,1764,3
15017924,0,0,3
15034580,256,1,3
15053296,144,2025,3
15075128,324,361,3
15095940,441,676,3
15116732,0,2401,3
15136500,144,441,3
15157296,324,81,3
15177052,0,1089,3
15196804,9,64,3
15214484,4,3600,3
15234256,4,289,3
15252968,121,2209,3
15274808,36,2401,3
15295616,81,36,3
15314348,4,169,3
15333052,100,1296,3
15354896,9,1764,3
15374660,25,64,3
15393380,4,324,3
15412088,81,361,3
15431852,0,2304,3
15451604,225,9,3
15470332,100,729,3
15491132,9,1849,3
15510896,0,625,3
15529596,4,676,3
15548320,0,169,3
15567064,49,81,3
15585760,0,441,3
15604488,1,3721,3
15624264,9,1936,3
15644032,324,256,3
15664812,0,81,3
15682480,16,2704,3
15703300,361,2809,3
15725136,225,0,3
15743864,9,784,3
15762576,64,4489,3
15783368,441,5329,3
15805204,289,5929,3
15827040,289,5041,3
15848876,1024,11881,3
15872816,841,6889,3
15894652,400,1296,3
15916488,256,289,3
15937288,36,1156,3
15958096,36,2304,3
15978900,121,400,3
15999700,1,196,3
16018412,1,64,3
16036104,9,529,3
16054816,81,2401,3
16075608,289,900,3
16096412,121,1600,3
16118256,36,1764,3
16139068,289,144,3
16159864,121,4,3
16178572,9,1296,3
16198324,36,900,3
16218084,169,169,3
16238900,0,25,3
16256580,9,0,3
16273216,144,1225,3
16295068,36,324,3
16314808,225,169,3
16335612,289,225,3
16356428,144,9,3
16375152,0,25,3
16392816,361,81,3
16412572,121,400,3
16433388,36,169,3
16453144,1,36,3
16470812,49,1024,3
16491616,49,0,3
16509292,81,4900,3
16530096,36,49,3
16548808,169,3364,3
16570652,36,4489,3
16591460,196,961,3
16612252,49,1521,3
16633056,36,841,3
16652832,441,49,3
16672576,36,169,3
16692352,49,441,3
16712108,16,16,3
16730812,1,900,3
16749520,36,5041,3
16770336,361,2304,3
16792180,841,529,3
16812976,324,576,3
16833776,81,36,3
16852504,36,529,3
16872260,9,784,3
16890984,9,4,3
16907604,1,1296,3
16927352,36,2916,3
16948152,0,4096,3
16967928,529,1764,3
16989772,25,484,3
17009528,289,8100,3
17031376,729,196,3
17052192,100,169,3
17072988,324,4,3
17091708,225,225,3
17112488,225,784,3
17133284,36,1089,3
17154092,25,1444,3
17174892,36,81,3
17193620,1,169,3
17212328,9,1,3
17228972,25,3844,3
17249768,121,2809,3
17271616,196,1,3
17290336,25,625,3
17310092,16,4096,3
17330900,144,196,3
17351712,36,529,3
17371460,16,441,3
17391212,4,625,3
17409928,64,1764,3
17430736,81,256,3
17450496,100,0,3
17469204,49,625,3
17488972,49,121,3
17508736,16,529,3
17528492,16,64,3
17547196,121,196,3
17568020,1,1089,3
17587772,144,1225,3
17609620,25,324,3
17629388,9,169,3
17648096,4,676,3
17666812,1,0,3
17683444,81,529,3
17703212,289,4624,3
17725060,9,1089,3
17744808,289,441,3
17765612,25,121,3
17785376,36,16,3
17804088,289,4356,3
17825924,16,1089,3
17846728,324,121,3
17867536,49,0,3
17885224,0,484,3
17903940,529,324,3
17924736,36,4,3
17942416,0,49,3
17960100,225,49,3
17979848,36,4489,3
18000660,4,10816,3
18021440,484,25,3
18041216,441,121,3
18062004,144,841,3
18082804,81,4,3
18100516,400,144,3
18121296,324,361,3
18142100,25,121,3
18161856,225,144,3
18182660,25,1,3
18200340,16,961,3
18220096,169,6084,3
18241928,225,3136,3
18263772,289,625,3
18284572,324,256,3
18305364,196,784,3
18326176,1,1089,3
18345928,49,36,3
18364660,4,529,3
18383384,81,4,3
18401064,9,1936,3
18420820,0,1369,3
18440584,16,1,3
18458264,49,16,3
18476976,0,25,3
18494660,49,400,3
18514408,9,729,3
18533116,16,169,3
18552884,25,49,3
18571608,0,1089,3
18591380,121,676,3
18612176,289,0,3
18630908,64,256,3
18650656,9,144,3
18669372,4,16,3
18687056,36,289,3
18706828,0,25,3
18724500,64,841,3
18744248,9,1156,3
18764020,169,4,3
18782748,4,64,3
18800412,16,400,3
18820172,9,900,3
18838900,16,1369,3
18859696,0,2500,3
18879448,25,2116,3
18900260,144,961,3
18921048,49,4,3
18938728,49,961,3
18958496,64,3721,3
18979292,64,4356,3
19000092,225,441,3
19020900,9,576,3
19039628,100,9,3
19058340,16,1089,3
19079132,16,100,3
19098900,0,225,3
19117620,169,324,3
19138416,361,225,3
19159228,49,289,3
19178968,16,676,3
19198740,144,100,3
19219540,169,81,3
19239300,0,4,3
19255940,25,16,3
19274656,4,36,3
19292348,25,9,3
19310020,9,729,3
19328732,0,841,3
19347440,121,1156,3
19369300,400,576,3
19390096,289,0,3
19408816,4,2601,3
19428576,1,9025,3
19448348,576,1369,3
19470164,729,225,3
19490972,0,676,3
19509696,25,121,3
19529456,144,100,3
19550268,1,144,3
19568976,9,196,3
19587688,81,196,3
19607452,1,100,3
19626188,9,64,3
19643856,0,16,3
19661540,1,1,3
19678172,0,256,3
19696884,81,64,3
19715608,9,1225,3
19735376,225,784,3
19756176,225,9,3
19774896,16,1156,3
19795692,0,4900,3
19815472,361,1369,3
19837308,36,1,3
19854980,1,196,3
19873692,81,4,3
19891376,36,81,3
19910104,1,625,3
19928820,4,576,3
19947536,81,64,3
19966260,121,36,3
19986020,1,36,3
20003704,9,121,3
20022432,0,100,3
20041144,1,225,3
20059856,64,16,7
20078572,9,100,7
20097300,0,1024,7
20117052,81,529,7
20136812,81,64,7
20155540,4,225,7
20174260,36,64,7
20192976,81,81,7
20211688,0,361,7
20230424,4,225,7
20249128,0,1089,7
20268908,196,64,7
20288656,196,729,7
20309448,49,1764,7
20330272,121,16,7
20350032,16,676,7
20369792,169,441,7
20390584,25,225,7
20410332,16,4,7
20428012,400,0,7
20446752,100,9,7
20465460,9,16,7
20483144,1,1,7
20499780,4,1,7
20516408,4,4,7
20533056,4,25,7
20550740,0,1,7
20567376,16,0,7
20585052,9,0,7
20601696,1,9,7
20618344,9,25,7
20636028,1,4,7
20652656,1,1,7
20669296,1,1,7
20685936,0,0,7
20702584,0,0,7
20719220,1,1,7
20735848,0,4,7
20752504,0,4,7
20769136,0,0,7
20785764,0,0,7
20802420,0,1,7
20819068,1,1,7
20835712,0,4,7
20852336,1,0,7
20868976,0,0,7
20885616,0,0,7
20902256,1,0,7
20918900,1,1,7
20935536,1,0,7
20952176,0,0,7
20968816,1,0,7
20985456,1,0,7
21002092,0,0,7
21018736,0,0,7
21035384,4,0,7
21052024,16,9,7
21069696,0,16,7
21087388,1,4,7
21104016,1,0,7
21120652,0,1,7
21137288,0,1,7
21153932,0,0,7
21170576,1,0,7
21187208,0,0,7
21203856,1,0,7
21220504,0,0,7
21237144,1,0,7
21253776,1,0,7
21270412,0,0,7
21287052,0,0,7
21303696,1,0,7
21320336,1,0,7
21336976,1,0,7
21353616,0,0,7
21370260,0,1,7
21386896,0,0,7
21403540,0,1,7
21420172,0,0,7
21436816,1,0,7
21453456,1,1,7
21470088,0,0,7
21486736,0,0,7
21503388,1,0,7
21520016,0,0,7
21536644,0,0,7
21553292,0,0,7
21569936,16,0,7
21587612,169,9,7
21606332,225,16,7
21626096,36,4,7
21643780,4,0,7
21660416,25,0,7
21678100,25,1,7
21695788,16,1,7
21713456,0,0,7
21730092,0,0,7
21746748,1,0,7
21763376,1,0,7
21780012,0,0,7
21796664,9,1,7
21813292,4,0,7
21829944,1,0,7
21846576,0,0,7
21863220,1,0,7
21879872,1,0,7
21896508,25,4,7
21914180,1,1,7
21930808,0,0,7
21947472,9,1,7
21964108,25,4,7
21981780,9,1,7
21998420,0,1,7
22015052,1,0,7
22031708,1,1,7
22048336,1,0,7
22064972,0,1,7
22081628,1,0,7
22098268,9,0,7
22114896,4,0,7
22131540,0,0,7
22148184,4,0,7
22164824,16,0,7
22182500,1,1,7
22199136,4,0,7
22215780,4,1,7
22232424,1,0,7
22249064,9,1,7
22265692,0,1,7
22282340,4,0,7
22298992,4,1,7
22315616,1,0,7
22332248,16,0,7
22349952,4,1,7
22366584,0,0,7
22383216,1,0,7
22399852,1,0,7
22416492,0,0,7
22433140,1,0,7
22449768,0,1,7
22466416,0,0,7
22483056,0,0,7
22499700,0,0,7
22516340,1,1,7
22532980,1,1,7
22549616,0,0,7
22566260,1,0,7
22582892,0,1,7
22599536,0,1,7
22616188,1,0,7
22632824,4,1,7
22649448,0,0,7
22666100,0,0,7
22682744,1,1,7
22699388,1,1,7
22716016,0,0,7
22732652,0,0,7
22749296,0,1,7
22765940,0,1,7
22782576,0,0,7
22799216,0,0,7
22815860,0,1,7
22832492,0,0,7
22849136,1,0,7
22865780,1,1,7
22882424,1,1,7
22899056,0,0,7
22915696,4,0,7
22932332,1,0,7
22948980,4,0,7
22965620,0,0,7
22982260,1,0,7
22998900,0,1,7
23015532,0,0,7
23032176,0,0,7
23048816,1,0,7
23065460,1,0,7
23082104,9,0,7
23098736,4,0,7
23115380,0,0,7
23132024,0,0,7
23148668,0,0,7
23165292,0,0,7
23181940,1,0,7
23198576,0,0,7
23215220,0,0,7
23231868,1,0,7
23248492,1,0,7
23265136,1,0,7
23281772,1,0,7
23298416,1,0,7
23315060,1,0,7
23331696,0,0,7
23348340,0,1,7
23364984,1,0,7
23381616,1,0,7
23398248,0,0,7
23414896,1,0,7
23431536,1,0,7
23448176,1,0,7
23464820,0,1,7
23481456,0,0,7
23498096,0,0,7
23514736,4,0,7
23531376,0,0,7
23548016,0,0,7
23564652,1,0,7
23581284,0,0,7
23597928,0,0,7
23614576,0,0,7
23631216,0,0,7
23647860,1,0,7
23664496,0,1,7
23681144,0,0,7
23697780,0,1,7
23714416,0,0,7
23731056,1,0,7
23747692,0,0,7
23764336,1,0,7
23780976,1,0,7
23797608,4,0,7
23814256,4,0,7
23830904,1,0,7
23847524,0,0,7
23864164,0,0,7
23880820,0,1,7
23897452,0,0,7
23914088,0,0,7
23930728,0,1,7
23947380,0,0,7
23964016,0,0,7
23980648,0,0,7
23997296,0,0,7
24013936,0,0,7
24030576,1,0,7
24047208,0,0,7
24063848,0,0,7
24080496,0,0,7
24097136,1,0,7
24113768,0,0,7
24130408,0,0,7
24147056,0,0,7
24163700,1,0,7
24180328,0,0,7
24196976,0,0,7
24213616,0,0,7
24230260,0,1,7
24246896,0,0,7
24263536,1,0,7
24280176,0,0,7
24296816,1,0,7
24313456,4,1,7
24330084,0,0,7
24346736,0,0,7
24363376,0,0,7
24380016,1,0,7
24396648,0,0,7
24413296,0,0,7
24429936,1,4,7
24446576,0,4,7
24463216,0,1,7
24479864,0,0,7
24496496,0,0,7
24513132,0,0,7
24529768,0,0,7
24546412,0,0,7
24563052,0,0,7
24579688,0,1,7
24596328,0,0,7
24612976,0,0,7
24629624,1,0,7
24646260,0,1,7
24662888,0,0,7
24679548,1,1,7
24696188,4,0,7
24712808,0,0,7
24729456,0,1,7
24746096,0,1,7
24762736,0,0,7
24779368,0,0,7
24796008,0,0,7
24812664,1,0,7
24829296,0,0,7
24845936,0,0,7
24862576,0,0,7
24879216,0,0,7
24895864,1,0,7
24912492,0,0,7
24929136,0,0,7
24945776,0,0,7
24962416,0,0,7
24979048,0,0,7
24995692,1,0,7
25012332,0,0,7
25028972,0,0,7
25045616,1,0,7
25062248,0,0,7
25078892,0,0,7
25095532,0,0,7
25112164,0,0,7
25128808,0,0,7
25145452,0,0,7
25162096,0,0,7
25178728,0,0,7
25195376,1,0,7
25212024,1,0,7
25228656,0,0,7
25245284,0,0,7
25261928,0,1,7
25278576,0,0,7
25295216,1,0,7
25311860,1,1,7
25328492,0,0,7
25345144,0,0,7
25361776,0,1,7
25378408,0,0,7
25395044,0,0,7
25411696,0,0,7
25428344,0,0,7
25444976,1,0,7
25461612,1,0,7
25478256,0,0,7
25494900,0,0,7
25511528,0,0,7
25528168,0,0,7
25544812,0,0,7
25561452,0,0,7
25578088,0,0,7
25594728,0,0,7
25611376,0,1,7
25628020,0,1,7
25644648,0,1,7
25661284,0,0,7
25677936,0,0,7
25694576,0,0,7
25711220,0,1,7
25727856,0,1,7
25744496,0,0,7
25761136,0,0,7
25777776,0,0,7
25794408,0,0,7
25811056,0,0,7
25827696,0,0,7
25844336,1,0,7
25860972,0,0,7
25877616,0,0,7
25894264,1,0,7
25910896,1,0,7
25927536,1,0,7
25944176,1,0,7
25960816,0,0,7
25977452,0,0,7
25994084,0,0,7
26010732,0,0,7
26027376,0,0,7
26044012,0,0,7
26060660,0,0,7
26077304,0,0,7
26093944,1,0,7
26110568,0,0,7
26127220,1,1,7
26143864,1,0,7
26160492,0,0,7
26177136,1,0,7
26193776,1,0,7
26210424,1,0,7
26227056,0,0,7
26243688,0,0,7
26260332,0,1,7
26276976,0,1,7
26293612,0,0,7
26310244,0,0,7
26326888,0,0,7
26343536,0,0,7
26360176,0,0,7
26376808,0,0,7
26393452,0,0,7
26410092,0,0,7
26426736,0,0,7
26443364,0,0,7
26460008,0,0,7
26476656,0,0,7
26493292,0,0,7
26509928,0,0,7
26526568,0,0,7
26543216,0,0,7
26559852,0,0,7
26576488,0,0,7
26593124,0,0,7
26609780,0,1,7
26626424,1,0,7
26643044,0,0,7
26659688,0,1,7
26676332,0,0,7
26692972,0,0,7
26709616,0,0,7
26726244,0,0,7
26742892,0,0,7
26759532,0,0,7
26776168,0,0,7
26792808,0,0,7
26809456,0,0,7
26826096,0,1,7
26842740,0,1,7
26859380,1,1,7
26876016,0,1,7
26892660,0,1,7
26909296,0,1,7
26925932,1,0,7
26942580,0,1,7
26959216,0,0,7
26975848,0,0,7
26992496,0,0,7
27009136,0,0,7
27025780,0,0,7
27042404,0,0,7
27059044,0,0,7
27075696,0,0,7
27092344,1,0,7
27108980,0,0,7
27125612,0,0,7
27142264,1,0,7
27158904,0,0,7
27175536,0,0,7
27192172,0,0,7
27208824,1,0,7
27225456,0,0,7
27242088,0,0,7
27258728,0,0,7
27275380,0,1,7
27292012,0,0,7
27308660,0,0,7
27325304,1,0,7
27341940,0,0,7
27358576,0,1,7
27375216,0,0,7
27391848,0,0,7
27408492,1,0,7
27425132,0,0,7
27441768,0,0,7
27458404,0,0,7
27475052,1,0,7
27491696,0,0,7
27508336,0,0,7
27524964,0,0,7
27541612,0,0,7
27558256,1,0,7
27574900,0,0,7
27591536,0,0,7
27608176,0,0,7
27624816,0,0,7
27641456,0,0,7
27658096,0,0,7
27674736,0,0,7
27691372,0,0,7
27708008,0,0,7
27724648,0,0,7
27741292,0,0,7
27757948,1,0,7
27774568,0,0,7
27791208,0,0,7
27807852,0,0,7
27824492,0,0,7
27841136,0,0,7
27857768,1,0,7
27874416,0,0,7
27891052,0,0,7
27907688,0,0,7
27924328,0,0,7
27940976,0,0,7
27957620,1,0,7
27974252,0,0,7
27990888,0,1,7
28007540,0,1,7
28024180,0,0,7
28040812,0,1,7
28057460,0,0,7
28074108,0,0,7
28090732,0,0,7
28107368,0,0,7
28124008,0,0,7
28140660,0,0,7
28157296,0,0,7
28173924,0,0,7
28190568,0,0,7
28207212,1,0,7
28223856,0,0,7
28240500,0,1,7
28257136,1,1,7
28273772,0,0,7
28290416,0,0,7
28307052,1,0,7
28323684,0,0,7
28340332,0,0,7
28356972,0,0,7
28373608,0,1,7
28390248,0,0,7
28406896,1,0,7
28423536,0,0,7
28440168,0,0,7
28456816,1,0,7
28473456,0,0,7
28490096,0,0,7
28506736,0,1,7
28523376,0,1,7
28540012,0,0,7
28556652,0,0,7
28573296,1,0,7
28589928,0,0,7
28606576,1,0,7
28623212,0,0,7
28639856,0,0,7
28656500,0,0,7
28673136,0,1,7
28689776,0,4,7
28706408,0,1,7
28723044,0,0,7
28739696,0,0,7
28756344,0,0,7
28772972,1,0,7
28789604,0,0,7
28806252,0,0,7
28822896,0,0,7
28839540,1,0,7
28856176,0,0,7
28872816,0,0,7
28889464,1,0,7
28906096,0,0,7
28922728,0,0,7
28939376,0,0,7
28956016,0,0,7
28972648,0,0,7
28989300,1,0,7
29005936,0,0,7
29022576,0,0,7
29039216,0,0,7
29055856,1,0,7
29072496,0,1,7
29089136,0,0,7
29105764,0,0,7
29122408,0,0,7
29139056,0,0,7
29155696,0,0,7
29172324,0,0,7
29188976,1,0,7
29205612,0,0,7
29222256,0,0,7
29238884,0,0,7
29255528,0,0,7
29272184,1,0,7
29288816,0,0,7
29305444,0,0,7
29322088,0,1,7
29338736,0,0,7
29355376,0,1,7
29372008,0,0,7
29388648,0,1,7
29405292,0,0,7
29421936,0,0,7
29438568,0,0,7
29455212,0,0,7
29471852,0,0,7
29488496,0,1,7
29505132,0,0,7
29521768,0,0,7
29538416,0,0,7
29555060,0,0,7
29571692,0,0,7
29588336,0,0,7
29604980,0,0,7
29621612,0,0,7
29638248,0,0,7
29654892,0,1,7
29671536,0,0,7
29688176,0,0,7
29704816,0,0,7
29721452,0,0,7
29738096,0,0,7
29754736,1,0,7
29771368,0,1,7
29788016,1,0,7
29804656,1,0,7
29821304,1,0,7
29837936,1,0,7
29854564,0,0,7
29871220,0,1,7
29887864,0,0,7
29904488,0,0,7
29921128,0,1,7
29937776,0,0,7
29954412,0,0,7
29971048,0,0,7
29987696,0,0,7
30004332,0,0,7
30020976,0,0,7
30037620,1,0,7
30054252,0,0,1
30070900,0,1,1
30087536,0,0,1
30104176,0,0,1
30120808,0,0,1
30137456,0,0,1
30154092,0,0,1
30170736,1,0,1
30187368,0,0,1
30204012,0,0,1
30220656,0,0,1
30237300,1,0,1
30253936,0,0,1
30270572,0,0,1
30287212,0,0,1
30303856,0,0,1
30320488,0,0,1
30337136,0,0,1
30353776,0,0,1
30370404,0,0,1
30387052,0,0,1
30403704,1,1,1
30420336,1,0,1
30436976,9,0,1
30453612,0,1,1
30470260,16,1,1
30487936,25,1,1
30505620,324,4,1
30524340,36,16,1
30543060,196,1,1
30561780,144,9,1
30580508,1,0,1
30597132,25,0,1
30614816,4,0,1
30631468,0,1,1
30648096,1,0,1
30664748,16,4,1
30682416,49,0,1
30700088,16,0,1
30717768,1,1,1
30734424,0,1,1
30751056,0,0,1
30767688,1,0,1
30784328,0,0,1
30800980,1,1,1
30817628,4,1,1
30834260,0,0,1
30850904,1,0,1
30867540,0,1,1
30884184,0,0,1
30900816,1,0,1
30917456,1,0,1
30934108,4,0,1
30950752,121,0,1
30969452,256,1,1
30988184,64,1,1
31005868,4,1,1
31022512,49,9,1
31040180,16,4,1
31057856,0,1,1
31074492,0,0,1
31091128,0,0,1
31107768,0,0,1
31124408,0,0,1
31141052,0,0,1
31157688,0,0,1
31174332,0,1,1
31190964,0,4,1
31207624,1,0,1
31224252,1,0,1
31240900,0,4,1
31257532,1,4,1
31274188,0,1,1
31290820,9,1,1
31307460,36,1,1
31325124,16,0,1
31342812,0,0,1
31359456,0,0,1
31376084,1,0,1
31392732,0,0,1
31409388,1,0,1
31426016,0,0,1
31442652,0,1,1
31459292,1,1,1
31475940,1,1,1
31492568,0,4,1
31509208,1,4,1
31525856,1,1,1
31542492,0,0,1
31559136,1,0,1
31575764,0,0,1
31592412,0,1,1
31609056,0,0,1
31625692,1,0,1
31642340,1,1,1
31658972,4,1,1
31675624,1,0,1
31692244,0,0,1
31708884,0,0,1
31725520,0,0,1
31742172,0,0,1
31758816,0,1,1
31775452,0,1,1
31792092,0,0,1
31808736,0,0,1
31825368,0,0,1
31842008,0,0,1
31858640,0,0,1
31875296,0,0,1
31891940,0,1,1
31908576,0,0,1
31925204,0,1,1
31941856,0,0,1
31958488,0,0,1
31975136,1,0,1
31991768,0,0,1
32008412,0,0,1
32025048,0,1,1
32041688,0,0,1
32058328,0,0,1
32074976,0,0,1
32091612,0,0,1
32108244,0,0,1
32124880,0,0,1
32141540,0,1,1
32158176,0,1,1
32174812,0,1,1
32191444,1,0,1
32208092,0,0,1
32224724,0,0,1
32241364,0,0,1
32258000,0,0,1
32274656,0,0,1
32291296,1,0,1
32307928,0,0,1
32324560,0,0,1
32341216,0,0,1
32357852,0,0,1
32374484,0,0,1
32391132,0,1,1
32407776,0,1,1
32424408,0,0,1
32441048,0,1,1
32457680,0,0,1
32474348,1,0,1
32490980,0,0,1
32507616,0,0,1
32524240,0,0,1
32540896,0,0,1
32557536,1,0,1
32574164,0,0,1
32590800,0,0,1
32607456,0,0,1
32624096,0,1,1
32640728,0,1,1
32657372,0,0,1
32674016,1,0,1
32690648,0,1,1
32707288,0,1,1
32723920,0,0,1
32740576,0,0,1
32757216,0,0,1
32773860,0,1,1
32790496,0,1,1
32807136,0,1,1
32823776,0,0,1
32840416,0,0,1
32857040,0,0,1
32873692,1,0,1
32890332,0,0,1
32906968,0,0,1
32923612,0,1,1
32940256,0,0,1
32956896,0,0,1
32973532,0,1,1
32990164,0,1,1
33006816,0,1,1
33023444,0,0,1
33040084,0,0,1
33056720,0,0,1
33073372,0,0,1
33090012,1,0,1
33106644,0,0,1
33123280,0,0,1
33139932,1,0,1
33156576,1,0,1
33173212,0,0,1
33189848,0,1,1
33206496,1,0,1
33223136,1,0,1
33239768,1,0,1
33256400,0,0,1
33273052,0,0,1
33289688,1,0,1
33306328,0,0,1
33322972,0,0,1
33339616,0,0,1
33356244,0,0,1
33372896,0,1,1
33389520,0,0,1
33406180,0,1,1
33422816,0,0,1
33439448,0,0,1
33456080,0,0,1
33472736,0,0,1
33489376,1,0,1
33506016,1,0,1
33522648,0,0,1
33539296,0,0,1
33555936,0,0,1
33572564,0,0,1
33589200,0,0,1
33605856,0,0,1
33622496,1,0,1
33639136,0,0,1
33655768,0,0,1
33672424,0,0,1
33689048,1,0,1
33705696,1,0,1
33722328,0,0,1
33738976,0,0,1
33755608,0,4,1
33772256,0,4,1
33788880,0,0,1
33805532,1,0,1
33822172,0,1,1
33838820,1,0,1
33855452,1,1,1
33872096,0,0,1
33888728,4,0,1
33905368,9,0,1
33922008,1,0,1
33938652,0,0,1
33955284,0,0,1
33971928,0,0,1
33988560,0,0,1
34005212,1,0,1
34021848,1,0,1
34038488,0,0,1
34055120,0,0,1
34071772,0,0,1
34088416,1,0,1
34105060,1,1,1
34121692,1,0,1
34138336,0,0,1
34154972,0,0,1
34171616,0,1,1
34188252,0,1,1
34204892,0,0,1
34221528,0,0,1
34238168,0,1,1
34254808,0,0,1
34271464,1,0,1
34288100,0,1,1
34304732,0,1,1
34321364,0,1,1
34338020,0,1,1
34354656,0,0,1
34371300,1,0,1
34387932,4,0,1
34404576,0,1,1
34421220,0,0,1
34437856,0,0,1
34454484,0,1,1
34471136,0,0,1
34487768,0,0,1
34504420,0,0,1
34521052,0,1,1
34537696,0,0,1
34554328,0,0,1
34570976,0,0,1
34587608,1,0,1
34604252,0,0,1
34620896,1,0,1
34637528,0,0,1
34654164,0,0,1
34670816,0,0,1
34687444,0,0,1
34704088,0,0,1
34720720,0,0,1
34737380,0,0,1
34754020,4,0,1
34770648,4,0,1
34787284,0,1,1
34803932,0,0,1
34820564,0,0,1
34837220,0,1,1
34853844,0,0,1
34870500,0,1,1
34887136,0,0,1
34903764,0,0,1
34920400,0,0,1
34937056,0,0,1
34953696,1,0,1
34970328,0,0,1
34986972,1,0,1
35003612,0,0,1
35020248,0,0,1
35036888,0,0,1
35053524,0,0,1
35070180,1,0,1
35086816,1,0,1
35103460,4,0,1
35120080,0,0,1
35136736,0,1,1
35153368,0,0,1
35170016,1,0,1
35186640,0,0,1
35203304,1,0,1
35219936,0,0,1
35236580,1,1,1
35253200,0,0,1
35269856,0,0,1
35286496,0,0,1
35303128,0,0,1
35319760,0,0,1
35336416,0,0,1
35353056,0,0,1
35369684,0,0,1
35386320,0,0,1
35402976,0,0,1
35419608,0,0,1
35436256,1,0,1
35452880,0,0,1
35469536,0,0,1
35486164,1,0,1
35502816,1,0,1
35519452,0,0,1
35536104,1,0,1
35552740,0,0,1
35569376,0,0,1
35586000,0,0,1
35602656,1,0,1
35619292,0,0,1
35635932,1,0,1
35652572,1,1,1
35669224,1,0,1
35685844,0,0,1
35702484,0,0,1
35719128,1,0,1
35735780,1,0,1
35752416,1,0,1
35769060,1,0,1
35785688,0,0,1
35802336,1,0,1
35818968,0,0,1
35835608,0,0,1
35852240,0,0,1
35868896,0,1,1
35885528,0,1,1
35902176,0,0,1
35918804,0,1,1
35935452,0,0,1
35952088,0,1,1
35968736,0,0,1
35985368,0,0,1
36002012,1,0,1
36018648,0,0,1
36035296,1,0,1
36051928,1,0,1
36068576,0,0,1
36085208,0,0,1
36101848,0,0,1
36118480,0,0,1
36135140,1,0,1
36151776,1,0,1
36168408,0,1,1
36185044,0,1,1
36201692,0,0,1
36218328,0,0,1
36234968,0,0,1
36251612,0,1,1
36268252,0,0,1
36284888,0,0,1
36301536,0,1,1
36318160,0,0,1
36334824,1,1,1
36351452,0,0,1
36368084,0,0,1
36384720,0,0,1
36401376,0,0,1
36418004,0,0,1
36434648,0,0,1
36451288,0,0,1
36467936,0,0,1
36484568,0,0,1
36501216,0,0,1
36517840,0,0,1
36534496,0,0,1
36551136,0,1,1
36567772,0,1,1
36584408,1,0,1
36601068,0,1,1
36617696,1,0,1
36634336,0,0,1
36650960,0,0,1
36667624,1,0,1
36684256,1,0,1
36700888,0,0,1
36717520,0,0,1
36734176,0,0,1
36750808,0,1,1
36767448,0,0,1
36784084,0,1,1
36800732,0,0,1
36817364,1,0,1
36834012,1,0,1
36850652,1,0,1
36867308,1,0,1
36883928,0,0,1
36900576,0,4,1
36917200,0,1,1
36933852,0,0,1
36950496,0,1,1
36967140,0,1,1
36983772,1,1,1
37000420,0,0,1
37017056,1,0,1
37033696,0,0,1
37050328,0,1,1
37066980,0,0,1
37083616,0,0,1
37100256,0,0,1
37116880,0,0,1
37133536,0,0,1
37150168,0,0,1
37166816,0,0,1
37183452,0,1,1
37200096,0,0,1
37216728,0,1,1
37233376,0,0,1
37250000,0,0,1
37266656,0,1,1
37283284,0,1,1
37299936,0,0,1
37316568,1,0,1
37333228,1,0,1
37349852,0,0,1
37366500,0,0,1
37383128,1,0,1
37399772,0,0,1
37416404,0,0,1
37433056,0,0,1
37449688,1,1,1
37466332,1,0,1
37482976,0,0,1
37499608,0,0,1
37516240,0,0,1
37532896,0,0,1
37549524,0,0,1
37566168,0,0,1
37582800,0,0,1
37599456,0,0,1
37616096,0,0,1
37632728,1,0,1
37649372,0,0,1
37666020,1,0,1
37682648,0,0,1
37699296,0,0,1
37715928,0,0,1
37732572,0,0,1
37749212,0,1,1
37765852,0,0,1
37782496,1,0,1
37799132,0,0,1
37815772,1,0,1
37832416,1,0,1
37849044,0,0,1
37865700,0,1,1
37882332,0,0,1
37898968,0,0,1
37915600,0,0,1
37932264,1,0,1
37948896,1,0,1
37965528,0,0,1
37982164,0,1,1
37998820,0,1,1
38015456,0,0,1
38032096,4,0,1
38048728,1,0,1
38065384,0,0,1
38082008,0,0,1
38098656,0,1,1
38115292,0,0,1
38131940,1,0,1
38148564,0,0,1
38165204,0,0,1
38181840,0,0,1
38198500,1,0,1
38215136,0,1,1
38231764,0,0,1
38248412,1,0,1
38265052,0,0,1
38281688,0,0,1
38298336,0,0,1
38314964,0,1,1
38331612,0,0,1
38348248,1,0,1
38364888,0,0,1
38381520,0,0,1
38398176,0,0,1
38414808,0,0,1
38431444,0,0,1
38448084,0,1,1
38464740,0,1,1
38481376,0,0,1
38498008,0,0,1
38514652,1,0,1
38531296,1,0,1
38547932,4,1,1
38564572,1,0,1
38581200,0,0,1
38597856,0,0,1
38614488,0,0,1
38631128,0,0,1
38647768,1,0,1
38664416,0,0,1
38681044,0,0,1
38697688,0,0,1
38714320,0,0,1
38730976,0,0,1
38747616,0,1,1
38764252,0,0,1
38780880,0,0,1
38797536,0,0,1
38814180,0,1,1
38830816,0,0,1
38847440,0,0,1
38864092,0,0,1
38880724,0,0,1
38897372,0,1,1
38913996,0,0,1
38930656,0,0,1
38947284,0,0,1
38963928,0,0,1
38980568,1,0,1
38997216,0,0,1
39013844,0,0,1
39030488,0,0,1
39047124,0,0,1
39063776,1,0,1
39080408,1,0,1
39097048,0,0,1
39113692,0,0,1
39130340,0,1,1
39146968,0,0,1
39163616,1,0,1
39180252,0,0,1
39196904,0,0,1
39213528,0,0,1
39230180,1,0,1
39246808,0,0,1
39263452,0,0,1
39280096,1,0,1
39296736,0,0,1
39313368,0,0,1
39330016,1,0,1
39346648,0,0,1
39363296,1,0,1
39379920,0,0,1
39396576,0,0,1
39413212,0,1,1
39429856,0,0,1
39446484,0,1,1
39463140,0,4,1
39479776,1,1,1
39496412,0,1,1
39513048,0,0,1
39529696,0,1,1
39546332,0,1,1
39562968,0,0,1
39579608,1,0,1
39596256,0,0,1
39612896,1,0,1
39629536,0,1,1
39646172,1,0,1
39662816,1,0,1
39679448,0,1,1
39696096,1,4,1
39712732,1,0,1
39729376,0,1,1
39746012,0,0,1
39762656,1,0,1
39779288,1,1,1
39795936,0,0,1
39812576,1,0,1
39829216,0,0,1
39845840,0,0,1
39862492,0,0,1
39879140,1,0,1
39895772,0,1,1
39912416,0,1,1
39929064,1,0,1
39945696,1,0,1
39962324,0,0,1
39978960,0,0,1
39995616,1,0,1
40012244,0,0,1
40028896,0,0,1
40045524,0,0,1
40062176,0,0,4
40078812,0,1,4
40095456,0,1,4
40112080,0,0,4
40128740,0,1,4
40145376,1,0,4
40162012,1,0,4
40178648,0,0,4
40195304,1,0,4
40211936,1,0,4
40228576,1,0,4
40245200,0,0,4
40261852,1,0,4
40278496,1,1,4
40295136,1,0,4
40311772,1,1,4
40328412,1,0,4
40345044,0,0,4
40361688,0,0,4
40378328,0,0,4
40394976,1,0,4
40411616,1,1,4
40428260,1,1,4
40444892,1,1,4
40461536,0,0,4
40478172,0,0,4
40494804,0,0,4
40511440,1,0,4
40528096,4,0,4
40544736,4,0,4
40561376,0,0,4
40578008,1,0,4
40594664,4,1,4
40611296,4,0,4
40627928,4,0,4
40644584,1,9,4
40661232,16,1,4
40678900,64,4,4
40696580,36,9,4
40714268,16,4,4
40731936,16,0,4
40749608,9,9,4
40766252,25,1,4
40783948,0,1,4
40800584,81,144,4
40820328,441,144,4
40841132,144,25,4
40860908,1,81,4
40878576,25,9,4
40896260,1,9,4
40912892,256,289,4
40933696,324,169,4
40954500,25,4,4
40972176,100,49,4
40991932,49,576,4
41011688,529,361,4
41032492,3025,16,4
41053292,3249,49,4
41074088,1225,36,4
41094888,2304,64,4
41115700,1764,169,4
41137540,9,49,4
41155216,169,324,4
41176000,1024,169,4
41197864,1,36,4
41215540,900,1,4
41234260,36,0,4
41251944,4,64,4
41269624,1,25,4
41287288,64,0,4
41304976,36,36,4
41323700,289,9,4
41342416,121,361,4
41363216,169,169,4
41384032,49,9,4
41401716,100,25,4
41421456,4,9,4
41438096,25,16,4
41456836,49,1,4
41474508,576,64,4
41494252,81,64,4
41512984,144,121,4
41533784,100,25,4
41553536,1,64,4
41571224,1,0,4
41587864,144,49,4
41607612,9,100,4
41626328,289,64,4
41646112,4,49,4
41663780,361,0,4
41682492,289,49,4
41702260,4,9,4
41718908,9,0,4
41735544,529,0,4
41754260,289,9,4
41772976,81,4,4
41790680,4,1,4
41807300,16,9,4
41824972,4,16,4
41842664,49,25,4
41861384,9,25,4
41879068,49,25,4
41897788,1,0,4
41914436,25,25,4
41933144,16,9,4
41950824,196,4,4
41969540,1,64,4
41987208,1225,49,4
42008008,1600,16,4
42028816,529,1,4
42047540,196,36,4
42067296,196,36,4
42087056,1,0,4
42103692,81,4,4
42121392,16,1,4
42139060,4,25,4
42156740,64,49,4
42175456,9,1,4
42192104,36,9,4
42209780,36,1,4
42227456,16,64,4
42246196,9,100,4
42264904,9,81,4
42282580,64,25,4
42301296,16,36,4
42320028,0,49,4
42337712,36,1,4
42355380,256,4,4
42374092,324,25,4
42393868,121,25,4
42413620,0,144,4
42432336,25,36,4
42451068,100,9,4
42469776,289,25,4
42489536,144,100,4
42510340,36,25,4
42529080,36,1,4
42546748,16,100,4
42566484,25,361,4
42586264,0,36,4
42603940,121,1,4
42622664,36,4,4
42640332,0,0,4
42656980,9,4,4
42673616,0,9,4
42690244,324,64,4
42710004,100,16,4
42729788,1,81,4
42747472,0,4,4
42764096,49,169,4
42783864,36,25,4
42802584,9,9,4
42819216,25,16,4
42837924,36,25,4
42856664,1,64,4
42874340,9,1,4
42890980,81,16,4
42909684,81,16,4
42928416,9,0,4
42945068,1,9,4
42961696,16,0,4
42979388,64,0,4
42997072,64,1,4
43014744,81,16,4
43033460,361,36,4
43053220,289,49,4
43072972,49,25,4
43091696,4,4,4
43108336,36,36,4
43127052,196,100,4
43147860,49,36,4
43166576,1,9,4
43183216,25,0,4
43200908,49,0,4
43218576,4,0,4
43235208,25,4,4
43252908,49,64,4
43271616,9,169,4
43290340,0,256,4
43309056,9,169,4
43327792,25,36,4
43346492,100,49,4
43366252,100,49,4
43386020,4,36,4
43403700,36,36,4
43422428,25,16,4
43441132,144,81,4
43460900,36,25,4
43479628,9,25,4
43497296,36,4,4
43514984,9,0,4
43531616,25,0,4
43549300,121,4,4
43568024,0,16,4
43585716,196,4,4
43604420,81,49,4
43623128,4,196,4
43641860,0,4,4
43658512,100,16,4
43678260,225,16,4
43698012,16,36,4
43716748,64,4,4
43734428,9,9,4
43751060,1,4,4
43767684,64,49,4
43786416,25,9,4
43804088,9,0,4
43820740,36,4,4
43838408,49,64,4
43857148,225,25,4
43876908,81,4,4
43894580,25,1,4
43912268,0,36,4
43929940,9,121,4
43948652,36,25,4
43967380,64,49,4
43986096,289,289,4
44006900,121,100,4
44027700,36,121,4
44047468,9,225,4
44066184,289,36,4
44085936,1156,36,4
44106728,441,25,4
44126512,25,4,4
44144180,576,9,4
44162888,484,4,4
44181616,4,1,4
44198252,9,0,4
44214900,1,1,4
44231540,9,1,4
44248188,49,81,4
44266900,484,121,4
44287692,225,81,4
44307444,1,81,4
44325148,0,225,4
44343848,400,144,4
44364652,729,144,4
44385464,25,400,4
44405216,49,25,4
44423940,529,1,4
44442664,64,25,4
44461392,1,25,4
44479056,256,0,4
44497772,1296,9,4
44517536,1156,36,4
44538332,361,0,4
44557060,324,0,4
44575776,64,25,4
44594504,81,49,4
44613220,361,9,4
44631932,64,9,4
44649624,36,1,4
44667312,25,0,4
44684984,1,4,4
44701612,9,4,4
44718260,4,1,4
44734888,16,0,4
44752584,9,9,4
44769212,196,9,4
44787940,196,81,4
44807708,81,4,4
44825380,25,1,4
44843068,36,9,4
44860740,196,49,4
44880500,196,16,4
44900252,64,16,4
44918988,9,9,4
44935620,4,1,4
44952260,0,0,4
44968892,0,0,4
44985544,4,0,4
45002180,64,1,4
45019860,49,0,4
45037540,1,9,4
45054184,64,0,4
45071860,169,16,4
45091616,0,25,4
45109308,9,36,4
45126984,4,9,4
45143624,16,1,4
45161296,36,9,4
45178984,49,16,4
45197700,169,0,4
45216424,64,1,4
45234104,9,9,4
45250748,16,9,4
45268420,1,4,4
45285064,25,0,4
45302736,121,0,4
45321468,64,16,4
45340188,9,0,4
45356820,4,0,4
45373460,25,9,4
45391140,1,49,4
45408820,1,49,4
45426496,361,121,4
45447296,784,16,4
45467060,25,49,4
45485768,121,49,4
45505532,121,49,4
45525300,36,16,4
45544020,36,4,4
45561696,81,25,4
45580428,16,1,4
45598096,400,0,4
45616808,1369,9,4
45636564,576,0,4
45655296,16,16,4
45674024,196,144,4
45694820,324,16,4
45714576,36,4,4
45732256,0,4,4
45748900,25,4,4
45766552,324,121,4
45787380,144,36,4
45807152,169,9,4
45825852,144,64,4
45845628,36,16,4
45864348,225,9,4
45883068,9,0,4
45899688,81,0,4
45917380,0,1,4
45934020,121,4,4
45952740,16,4,4
45970416,121,1,4
45989156,9,4,4
46005780,225,25,4
46025528,144,4,4
46044272,0,121,4
46062992,64,25,4
46081704,4,0,4
46098336,9,9,4
46114980,121,16,4
46134736,225,4,4
46153456,25,1,4
46171144,9,100,4
46189868,121,121,4
46210660,121,16,4
46230420,25,16,4
46249152,16,4,4
46266828,49,9,4
46284500,256,4,4
46303204,25,25,4
46321944,121,1,4
46340660,324,1,4
46359372,36,4,4
46377064,49,49,4
46395788,144,36,4
46415536,100,16,4
46435296,25,1,4
46452980,36,1,4
46470660,4,0,4
46487304,100,100,4
46508100,81,196,4
46527868,25,16,4
46546572,121,1,4
46565292,196,4,4
46584028,49,0,4
46601696,64,1,4
46619376,49,1,4
46637052,1,0,4
46653708,4,1,4
46670344,0,1,4
46686988,4,9,4
46703620,1,9,4
46720264,9,169,4
46738980,25,121,4
46758744,1,16,4
46776428,0,1,4
46793068,9,4,4
46809700,16,4,4
46827368,9,0,4
46844020,64,9,4
46861708,64,0,4
46879376,49,25,4
46898084,324,16,4
46917860,100,0,4
46936584,16,1,4
46954268,64,36,4
46972988,625,16,4
46992740,841,0,4
47011460,100,1,4
47030176,64,4,4
47047860,625,0,4
47066576,289,25,4
47086344,4,9,4
47102972,1,4,4
47119624,9,0,4
47136248,196,0,4
47154984,4,0,4
47171620,324,4,4
47190348,225,4,4
47209060,4,1,4
47225688,81,4,4
47243380,100,16,4
47263152,16,36,4
47281860,36,0,4
47299544,144,0,4
47318272,36,4,4
47335936,1,25,4
47353608,64,9,4
47371296,9,49,4
47388980,16,25,4
47407700,0,49,4
47425392,1,9,4
47442024,0,25,4
47459708,1,36,4
47477376,289,25,4
47497120,484,81,4
47516904,25,9,4
47534580,25,9,4
47552256,9,1,4
47568892,9,0,4
47585548,36,16,4
47604268,4,49,4
47621936,4,81,4
47639620,25,100,4
47659380,1,25,4
47677060,16,4,4
47694736,36,0,4
47712420,0,1,4
47729056,4,9,4
47745692,4,1,4
47762332,25,25,4
47781068,49,64,4
47799776,25,64,4
47818496,25,36,4
47837220,9,9,4
47853860,81,1,4
47871540,25,1,4
47889224,0,1,4
47905860,36,36,4
47924588,16,25,4
47943300,36,9,4
47960980,169,4,4
47979708,49,4,4
47997380,1,1,4
48014016,1,4,4
48030652,36,1,4
48048348,81,1,4
48066024,4,4,4
48082652,1,0,4
48099288,9,0,4
48115944,16,0,4
48133620,16,16,4
48152332,0,100,4
48171072,16,9,4
48188740,9,1,4
48205380,0,16,4
48223064,4,49,4
48240740,324,9,4
48259464,144,1,4
48278192,1,1,4
48294812,0,16,4
48312496,49,121,4
48332264,169,4,4
48350976,64,16,4
48369696,25,0,4
48387388,1,4,4
48404028,1,1,4
48420660,36,64,4
48439384,121,25,4
48459148,25,4,4
48476820,64,1,4
48494496,1,1,4
48511144,0,4,4
48527780,64,0,4
48545456,0,81,4
48563132,9,25,4
48580828,49,1,4
48598500,81,9,4
48616176,100,1,4
48634912,64,9,4
48652588,36,4,4
48670260,0,16,4
48687948,4,1,4
48704584,4,0,4
48721220,100,0,4
48739940,196,0,4
48758652,16,16,4
48777388,81,36,4
48796108,81,100,4
48815848,169,121,4
48836664,729,16,4
48856424,529,49,4
48876184,64,4,4
48893848,0,49,4
48911532,16,64,4
48930256,25,16,4
48948976,9,0,4
48965608,64,0,4
48983304,81,1,4
49000992,49,4,4
49018664,144,64,4
49038424,144,4,4
49057140,16,1,4
49074808,16,1,4
49092500,144,1,4
49111236,100,4,4
49129940,196,0,4
49148660,529,0,4
49167392,289,9,4
49186104,64,16,4
49204828,1,16,4
49222500,4,100,4
49241220,25,289,4
49260984,324,64,4
49280736,225,4,4
49299452,64,1,4
49317140,36,0,4
49334820,256,64,4
49354580,1444,4,4
49374340,625,49,4
49394088,64,1,4
49411776,16,0,4
49429444,225,4,4
49448176,81,0,4
49465852,49,9,4
49483528,64,25,4
49502264,9,4,4
49518896,36,64,4
49537612,225,25,4
49557372,16,169,4
49577144,0,169,4
49595860,289,16,4
49615620,169,36,4
49635388,9,0,4
49652028,4,36,4
49669700,0,4,4
49686336,100,0,4
49705056,25,16,4
49723792,4,49,4
49741464,64,16,4
49760172,16,4,4
49777868,16,4,4
49795544,36,4,4
49813220,36,0,4
49830896,144,1,4
49849620,169,0,4
49868336,36,16,4
49887052,225,36,4
49906820,441,36,4
49926580,0,100,4
49945288,256,64,4
49965060,100,1,4
49983776,25,16,4
50002496,16,0,4
50020180,9,0,4
50036828,4,4,4
50053468,81,25,4
50072168,25,81,3
50090904,1,1,3
50107548,196,1,3
50126260,900,25,3
50146012,676,16,3
50165784,121,1,3
50184500,49,1,3
50202180,100,1,3
50220912,1,1,3
50237552,36,9,3
50255236,9,9,3
50271860,1,4,3
50288500,9,0,3
50305140,36,4,3
50322828,0,49,3
50340500,36,4,3
50358184,64,49,3
50376908,49,9,3
50394580,0,25,3
50412256,64,361,3
50432028,676,441,3
50452816,169,81,3
50472580,9,16,3
50490264,36,64,3
50508988,576,49,3
50528740,324,0,3
50547468,4,1,3
50564100,0,1,3
50580736,1,4,3
50597372,0,1,3
50614008,4,25,3
50631696,64,64,3
50650416,121,196,3
50671220,144,0,3
50689936,25,81,3
50708668,9,81,3
50726348,1,1,3
50742976,1,0,3
50759612,1,0,3
50776268,1,0,3
50792908,1,1,3
50809540,0,4,3
50826172,4,9,3
50842828,9,16,3
50860496,16,4,3
50878180,9,49,3
50895852,1,49,3
50913528,1225,324,3
50935372,2116,1024,3
50958248,100,625,3
50979060,144,729,3
50999860,529,625,3
51020664,36,4,3
51038348,169,25,3
51058104,0,9,3
51074732,225,0,3
51093456,961,144,3
51114276,9,64,3
51131948,324,49,3
51151692,36,64,3
51170424,361,0,3
51189148,169,49,3
51208900,225,16,3
51228644,1156,64,3
51249456,1444,441,3
51271300,100,361,3
51292092,25,169,3
51311868,1,16,3
51329544,16,64,3
51348264,441,9,3
51366984,576,169,3
51387784,256,81,3
51407532,1225,0,3
51427292,1600,81,3
51448104,225,169,3
51468904,324,64,3
51488660,1296,36,3
51509468,324,144,3
51530260,100,576,3
51551060,400,256,3
51571864,49,4,3
51589548,1,9,3
51606180,4,0,3
51622812,441,9,3
51641540,1681,1,3
51661292,400,9,3
51680008,49,16,3
51698744,0,16,3
51716436,36,64,3
51735144,0,25,3
51752820,0,256,3
51771548,121,49,3
51791296,36,0,3
51808980,4,0,3
51825624,0,4,3
51842268,1,25,3
51859936,4,49,3
51877620,81,81,3
51896336,49,81,3
51915060,0,81,3
51932736,4,64,3
51950420,9,4,3
51967064,1,4,3
51983716,1,16,3
52001380,9,9,3
52018016,196,49,3
52037776,1089,1,3
52057528,441,16,3
52077296,36,0,3
52094980,36,0,3
52112656,169,36,3
52132416,81,64,3
52151136,0,25,3
52168820,36,81,3
52187540,100,256,3
52208336,49,16,3
52227052,16,16,3
52245780,196,25,3
52265540,25,16,3
52284260,64,1,3
52301936,36,4,3
52319616,4,16,3
52337288,0,64,3
52354972,4,4,3
52371624,49,0,3
52389296,81,64,3
52408024,1,49,3
52425696,121,1,3
52444424,529,1,3
52463140,361,1,3
52481852,81,16,3
52500580,0,64,3
52518268,100,64,3
52538020,64,0,3
52555700,64,1,3
52573384,64,0,3
52591052,121,36,3
52610820,144,81,3
52630592,25,1,3
52648272,81,9,3
52665940,0,16,3
52683616,16,64,3
52702336,100,0,3
52721056,64,9,3
52738736,49,25,3
52757440,36,81,3
52776180,25,1,3
52793860,4,16,3
52811540,16,1,3
52829224,1,9,3
52845868,4,36,3
52863536,81,4,3
52881228,100,1,3
52899952,4,1,3
52916584,144,49,3
52936340,324,36,3
52956084,169,1,3
52974828,36,16,3
52993536,1,64,3
53011220,9,25,3
53028904,1,0,3
53045544,25,0,3
53063216,0,16,3
53080892,81,16,3
53099628,121,1,3
53118336,16,9,3
53136016,36,49,3
53154724,225,81,3
53174504,81,1,3
53192176,16,25,3
53210896,49,49,3
53229640,9,16,3
53247304,0,25,3
53264976,0,81,3
53282668,4,36,3
53300336,81,0,3
53318024,256,25,3
53337764,324,144,3
53358576,100,9,3
53377308,0,9,3
53393948,196,9,3
53412660,196,36,3
53432432,25,1,3
53450112,4,4,3
53466728,100,49,3
53486488,64,36,3
53505220,441,81,3
53524968,1849,49,3
53545772,2601,289,3
53567616,2116,625,3
53589452,49,361,3
53609216,900,144,3
53630024,324,36,3
53649788,196,144,3
53670584,1,16,3
53688252,25,16,3
53706988,64,36,3
53725704,0,36,3
53743376,0,121,3
53762104,0,16,3
53779788,49,81,3
53798492,64,289,3
53818256,625,121,3
53839064,169,0,3
53857780,25,1,3
53875460,64,49,3
53894180,81,1,3
53911852,729,289,3
53932660,121,121,3
53953456,36,4,3
53971144,9,9,3
53987780,16,0,3
54005452,16,25,3
54024172,25,16,3
54042912,64,9,3
54060588,0,4,3
54077216,9,4,3
54093864,9,100,3
54112592,0,361,3
54131308,49,144,3
54151064,0,49,3
54168740,121,324,3
54189532,64,100,3
54209292,36,25,3
54228020,9,1,3
54244664,0,0,3
54261312,9,9,3
54277952,25,16,3
54296664,1,49,3
54314348,81,9,3
54332020,100,1,3
54350736,4,4,3
54367388,49,100,3
54387132,49,289,3
54406900,1,81,3
54424568,4,25,3
54442268,1,25,3
54459960,9,1,3
54476572,9,9,3
54493228,9,4,3
54509860,100,16,3
54529620,169,49,3
54549380,81,16,3
54568112,9,144,3
54586824,0,169,3
54605540,25,9,3
54623212,16,0,3
54640908,16,0,3
54658580,0,4,3
54675208,36,25,3
54693936,9,9,3
54710584,1,1,3
54727212,9,1,3
54743852,25,4,3
54761544,9,16,3
54779224,0,1,3
54795856,9,0,3
54812496,4,4,3
54829136,25,0,3
54846828,4,1,3
54863456,4,0,3
54880096,1,16,3
54897780,0,4,3
54914420,1,4,3
54931056,16,1,3
54948740,16,16,3
54967460,1,1,3
54984100,4,9,3
55000736,4,36,3
55018412,1,16,3
55036108,0,0,3
55052736,4,4,3
55069376,49,64,3
55088080,49,100,3
55107860,16,16,3
55126580,1,1,3
55143216,4,0,3
55159864,1,9,3
55176500,36,16,3
55195220,121,81,3
55214980,25,1,3
55232668,0,0,3
55249304,0,0,3
55265936,0,0,3
55282576,1,4,3
55299216,0,0,3
55315868,9,36,3
55333548,9,16,3
55351212,1,0,3
55367868,0,1,3
55384512,1,1,3
55401148,4,0,3
55417776,36,9,3
55435460,4,64,3
55453128,9,49,3
55470820,16,1,3
55488492,1,1,3
55505152,16,1,3
55522820,1,4,3
55539460,1,4,3
55556092,16,4,3
55573776,25,0,3
55591472,1,1,3
55608112,9,16,3
55625784,4,25,3
55643476,4,4,3
55660100,36,9,3
55677776,64,100,3
55697536,9,36,3
55715220,0,0,3
55731848,1,4,3
55748500,4,36,3
55766184,1,0,3
55782816,16,9,3
55800500,16,1,3
55818172,4,1,3
55834824,25,0,3
55852512,4,64,3
55870180,0,144,3
55888896,16,25,3
55907632,9,1,3
55924264,16,64,3
55942980,0,100,3
55961696,49,0,3
55979388,36,0,3
55997052,16,4,3
56014740,0,4,3
56031384,0,4,3
56048028,25,1,3
56065704,64,1,3
56083372,36,36,3
56102112,16,1,3
56119780,64,16,3
56138504,81,0,3
56156176,25,0,3
56173868,49,4,3
56191528,81,4,3
56209232,36,16,3
56227948,0,49,3
56245624,1,9,3
56262252,81,25,3
56280984,256,169,3
56301780,81,64,3
56320492,9,1,3
56337140,4,4,3
56353776,36,16,3
56372516,121,1,3
56391216,225,9,3
56409936,25,0,3
56427628,9,4,3
56444260,64,16,3
56462980,36,1,3
56480660,1,25,3
56498348,4,0,3
56514984,49,196,3
56534736,49,144,3
56554492,0,0,3
56571152,121,4,3
56589868,225,0,3
56608576,0,25,3
56626260,64,25,3
56644984,25,0,3
56662660,1,9,3
56679308,9,4,3
56695952,36,16,3
56714652,25,0,3
56732332,36,1,3
56750012,16,0,3
56767708,1,9,3
56784328,144,25,3
56804088,100,0,3
56822828,4,16,3
56840508,16,0,3
56858176,0,0,3
56874816,1,4,3
56891464,0,9,3
56908108,1,9,3
56924732,0,4,3
56941368,0,16,3
56959056,4,0,3
56975704,1,16,3
56993372,16,25,3
57012100,4,0,3
57028748,9,16,3
57046428,4,0,3
57063060,0,4,3
57079704,1,4,3
57096336,0,9,3
57112980,4,1,3
57129628,9,25,3
57147308,9,1,3
57163944,4,4,3
57180584,49,36,3
57199292,100,121,3
57220100,4,25,3
57237788,81,25,3
57256500,16,9,3
57274176,4,25,3
57291868,1,36,3
57309556,0,0,3
57326192,1,9,3
57342812,64,9,3
57360496,121,16,3
57380256,9,36,3
57397936,1,9,3
57414576,9,4,3
57431224,4,0,3
57447856,81,25,3
57466584,196,4,3
57485296,25,1,3
57502976,4,0,3
57519612,0,1,3
57536256,0,49,3
57553940,25,9,3
57571616,81,4,3
57589300,9,1,3
57605932,0,25,3
57623620,1,9,3
57640264,1,4,3
57656896,1,4,3
57673532,16,25,3
57692260,25,81,3
57710988,1,4,3
57727620,0,64,3
57745300,1,196,3
57764020,49,100,3
57783776,100,2116,3
57805624,25,1296,3
57826428,1,256,3
57845144,25,1,3
57862824,25,225,3
57882576,1,9,3
57899220,100,529,3
57920032,1,484,3
57938728,36,289,3
57958508,16,121,3
57978260,25,1,3
57995940,36,64,3
58014652,9,121,3
58033388,36,4,3
58051064,49,64,3
58069784,1,441,3
58088508,25,256,3
58108264,1,0,3
58124904,1,9,3
58141544,4,16,3
58159220,9,9,3
58175868,36,256,3
58195612,16,121,3
58215376,1,0,3
58232020,0,0,3
58248648,49,0,3
58266340,100,36,3
58286096,4,16,3
58303776,0,25,3
58321456,4,100,3
58340180,0,144,3
58358912,9,9,3
58375540,9,100,3
58394264,4,121,3
58412976,1,225,3
58431704,4,256,3
58450420,16,81,3
58469136,1,49,3
58486836,25,100,3
58506592,1,144,3
58525304,9,25,3
58542984,0,16,3
58560652,49,0,3
58578352,9,100,3
58597072,1,400,3
58615780,9,36,3
58633460,16,289,3
58653232,4,144,3
58671944,121,100,3
58692740,16,484,3
58712504,49,121,3
58732268,121,625,3
58753060,9,1369,3
58772820,49,81,3
58791540,25,25,3
58810256,0,0,3
58826892,36,121,3
58846660,49,1,3
58864336,0,144,3
58883052,49,256,3
58902828,49,4,3
58920488,0,324,3
58939216,64,196,3
58958988,64,64,3
58977708,1,25,3
58995376,9,676,3
59014080,49,400,3
59033848,169,1936,3
59055708,1,529,3
59074424,100,676,3
59095228,9,9,3
59111860,36,16,3
59130580,441,529,3
59151372,1,2025,3
59171140,121,1024,3
59192988,4,25,3
59210652,0,36,3
59228344,36,484,3
59248084,4,1089,3
59267856,400,841,3
59288660,441,49,3
59308416,36,625,3
59328168,0,289,3
59346896,0,400,3
59365624,9,121,3
59384344,25,169,3
59404092,0,400,3
59422820,49,529,3
59442584,81,25,3
59461296,4,49,3
59478976,0,1,3
59495624,1,49,3
59513304,4,196,3
59532020,1,196,3
59550740,16,25,3
59569456,1,64,3
59587140,1,400,3
59605868,1,441,3
59624584,64,0,3
59642268,49,225,3
59662020,4,400,3
59680728,36,36,3
59699460,49,36,3
59718176,4,25,3
59735860,0,9,3
59752504,25,225,3
59772272,9,256,3
59790976,9,49,3
59808660,16,0,3
59826344,16,36,3
59845064,4,441,3
59863772,0,289,3
59882508,0,16,3
59900180,36,225,3
59919936,4,256,3
59938660,16,9,3
59956348,1,0,3
59972996,4,121,3
59991692,1,529,3
60010408,16,64,3
60029136,49,49,3
60047856,9,144,3
60066576,9,100,7
60085308,0,1,7
60101940,25,0,7
60119616,4,81,7
60137304,4,4,7
60153948,4,4,7
60170592,0,16,7
60188264,0,0,7
60204904,0,144,7
60223632,4,529,7
60242352,4,1,7
60258984,9,121,7
60277680,4,144,7
60296428,9,36,7
60314100,0,9,7
60330748,4,196,7
60349460,16,900,7
60369228,36,169,7
60388976,121,1,7
60407692,9,1,7
60424340,4,16,7
60442028,25,16,7
60460740,9,0,7
60477368,1,1,7
60494012,0,0,7
60510660,0,0,7
60527296,0,0,7
60543920,0,0,7
60560572,0,0,7
60577208,0,0,7
60593856,1,0,7
60610488,4,4,7
60627136,0,0,7
60643776,0,0,7
60660420,1,1,7
60677044,0,1,7
60693708,4,4,7
60710336,0,16,7
60728008,0,9,7
60744652,1,0,7
60761308,1,1,7
60777936,1,0,7
60794568,0,0,7
60811208,0,0,7
60827856,0,4,7
60844496,1,0,7
60861136,1,0,7
60877776,25,1,7
60895464,36,0,7
60913140,0,0,7
60929780,9,1,7
60946400,0,4,7
60963056,16,4,7
60980732,16,1,7
60998416,1,4,7
61015056,0,9,7
61031700,0,4,7
61048344,0,0,7
61064968,0,1,7
61081620,9,4,7
61098268,16,9,7
61115940,9,1,7
61132580,9,1,7
61149228,1,1,7
61165856,0,1,7
61182500,0,1,7
61199144,0,0,7
61215784,1,1,7
61232416,4,0,7
61249064,9,0,7
61265696,4,0,7
61282344,1,0,7
61298976,0,0,7
61315624,1,0,7
61332248,0,0,7
61348896,1,1,7
61365536,0,0,7
61382184,0,1,7
61398816,1,0,7
61415452,0,0,7
61432096,0,0,7
61448744,1,0,7
61465372,0,0,7
61482016,0,0,7
61498660,1,0,7
61515304,1,0,7
61531932,0,1,7
61548572,0,0,7
61565216,1,0,7
61581864,0,0,7
61598492,1,0,7
61615140,0,1,7
61631776,0,0,7
61648416,0,0,7
61665048,1,0,7
61681700,0,0,7
61698332,0,0,7
61714972,0,0,7
61731616,1,0,7
61748252,0,1,7
61764896,0,1,7
61781536,0,0,7
61798168,0,1,7
61814816,0,1,7
61831452,0,0,7
61848104,1,0,7
61864724,0,0,7
61881372,0,0,7
61898016,0,0,7
61914660,1,0,7
61931288,0,1,7
61947936,0,0,7
61964584,1,0,7
61981224,0,0,7
61997856,0,0,7
62014492,0,0,7
62031132,0,0,7
62047784,0,0,7
62064416,1,0,7
62081064,1,0,7
62097692,0,0,7
62114336,0,0,7
62130964,0,0,7
62147616,0,0,7
62164256,0,0,7
62180900,0,0,7
62197536,0,0,7
62214176,0,0,7
62230816,0,0,7
62247452,1,0,7
62264096,0,0,7
62280740,0,1,7
62297384,0,0,7
62314016,0,0,7
62330660,0,1,7
62347292,0,0,7
62363936,0,0,7
62380584,1,0,7
62397212,1,0,7
62413856,0,0,7
62430500,1,0,7
62447136,0,0,7
62463772,1,0,7
62480416,0,0,7
62497052,0,0,7
62513692,0,0,7
62530324,0,0,7
62546976,0,0,7
62563624,1,0,7
62580256,0,0,7
62596900,0,0,7
62613540,0,1,7
62630180,1,0,7
62646816,0,0,7
62663448,0,0,7
62680096,0,0,7
62696744,1,0,7
62713384,0,0,7
62730016,1,0,7
62746664,1,1,7
62763300,0,1,7
62779940,0,0,7
62796576,1,0,7
62813228,1,0,7
62829864,1,0,7
62846504,1,0,7
62863128,0,0,7
62879776,0,0,7
62896416,1,0,7
62913056,1,0,7
62929696,1,0,7
62946336,0,0,7
62962976,0,0,7
62979616,0,0,7
62996248,0,0,7
63012904,1,0,7
63029540,0,1,7
63046188,0,0,7
63062816,0,0,7
63079456,0,0,7
63096096,0,0,7
63112736,0,0,7
63129376,1,0,7
63146016,0,1,7
63162656,0,0,7
63179296,0,0,7
63195936,0,0,7
63212580,0,1,7
63229216,0,0,7
63245856,0,1,7
63262500,0,0,7
63279136,0,0,7
63295772,0,0,7
63312424,0,0,7
63329056,1,0,7
63345700,0,1,7
63362336,0,0,7
63378972,0,0,7
63395608,0,1,7
63412256,0,0,7
63428892,1,0,7
63445548,1,1,7
63462176,1,1,7
63478816,1,0,7
63495464,0,0,7
63512104,0,0,7
63528736,1,0,7
63545380,0,0,7
63562012,0,0,7
63578656,0,0,7
63595296,0,0,7
63611936,0,0,7
63628572,0,0,7
63645220,1,0,7
63661844,0,0,7
63678496,0,0,7
63695148,1,0,7
63711788,0,0,7
63728416,0,0,7
63745052,0,0,7
63761696,0,0,7
63778344,1,0,7
63794968,0,0,7
63811616,0,0,7
63828264,1,0,7
63844904,1,1,7
63861528,0,0,7
63878176,0,1,7
63894816,0,0,7
63911464,1,0,7
63928084,0,0,7
63944736,0,0,7
63961388,1,1,7
63978032,1,4,7
63994656,1,0,7
64011300,4,0,7
64027944,1,0,7
64044576,0,0,7
64061208,0,1,7
64077868,0,0,7
64094504,1,0,7
64111136,0,1,7
64127780,0,0,7
64144416,0,0,7
64161056,0,0,7
64177696,0,0,7
64194328,0,0,7
64210976,0,0,7
64227620,1,0,7
64244260,1,0,7
64260896,0,0,7
64277536,0,0,7
64294176,0,0,7
64310824,1,0,7
64327460,0,0,7
64344104,1,0,7
64360732,0,0,7
64377384,0,0,7
64394008,0,0,7
64410656,1,0,7
64427296,4,1,7
64443932,0,0,7
64460564,0,0,7
64477216,0,0,7
64493856,0,0,7
64510496,0,0,7
64527136,0,0,7
64543776,0,0,7
64560416,0,0,7
64577060,1,1,7
64593696,1,0,7
64610336,1,1,7
64626976,0,0,7
64643628,0,0,7
64660256,1,0,7
64676896,1,0,7
64693536,0,0,7
64710184,0,0,7
64726808,0,0,7
64743452,0,0,7
64760096,0,0,7
64776736,0,1,7
64793376,0,0,7
64810016,0,0,7
64826652,0,0,7
64843296,0,0,7
64859928,0,0,7
64876584,1,0,7
64893216,0,0,7
64909856,0,0,7
64926488,0,1,7
64943132,0,0,7
64959776,0,0,7
64976412,1,0,7
64993060,0,1,7
65009692,0,0,7
65026336,0,1,7
65042972,0,0,7
65059608,0,1,7
65076256,0,0,7
65092896,0,1,7
65109536,0,0,7
65126172,0,0,7
65142816,0,1,7
65159456,0,0,7
65176104,1,0,7
65192728,0,0,7
65209376,0,0,7
65226016,0,0,7
65242652,0,0,7
65259288,0,0,7
65275940,0,1,7
65292576,0,0,7
65309220,0,0,7
65325848,0,0,7
65342500,0,1,7
65359140,0,1,7
65375780,1,0,7
65392416,0,0,7
65409064,1,0,7
65425696,1,0,7
65442344,1,0,7
65458964,0,0,7
65475628,0,1,7
65492256,0,0,7
65508892,0,0,7
65525532,1,0,7
65542176,1,0,7
65558820,0,0,7
65575456,0,0,7
65592096,1,0,7
65608740,0,1,7
65625384,0,0,7
65642016,0,0,7
65658656,1,0,7
65675300,0,4,7
65691936,0,0,7
65708584,1,0,7
65725208,0,0,7
65741868,0,1,7
65758508,0,4,7
65775144,0,0,7
65791780,0,1,7
65808420,0,1,7
65825064,1,1,7
65841696,0,0,7
65858332,0,1,7
65874984,0,0,7
65891624,0,0,7
65908252,0,0,7
65924888,0,0,7
65941532,1,0,7
65958176,0,4,7
65974828,0,1,7
65991448,0,1,7
66008092,0,0,7
66024736,0,0,7
66041376,0,0,7
66058016,0,0,7
66074652,1,0,7
66091296,0,0,7
66107944,0,0,7
66124572,1,0,7
66141216,0,0,7
66157856,0,0,7
66174504,1,0,7
66191128,0,0,7
66207776,1,0,7
66224416,0,0,7
66241056,0,0,7
66257696,0,0,7
66274344,0,0,7
66290984,0,0,7
66307620,0,0,7
66324252,0,1,7
66340900,0,0,7
66357536,0,1,7
66374184,1,0,7
66390816,1,0,7
66407452,0,0,7
66424100,1,0,7
66440736,0,1,7
66457368,0,1,7
66474016,0,0,7
66490652,1,0,7
66507304,0,0,7
66523928,0,0,7
66540580,0,1,7
66557228,0,0,7
66573856,0,0,7
66590496,0,0,7
66607136,0,0,7
66623772,1,0,7
66640416,0,0,7
66657048,0,0,7
66673696,0,0,7
66690332,0,0,7
66706984,0,0,7
66723616,1,0,7
66740268,1,0,7
66756908,0,0,7
66773544,0,0,7
66790164,0,0,7
66806816,0,0,7
66823456,0,0,7
66840096,0,0,7
66856728,0,0,7
66873376,0,1,7
66890020,0,1,7
66906652,0,0,7
66923296,1,0,7
66939936,1,0,7
66956580,0,0,7
66973228,0,0,7
66989852,25,0,7
67007544,81,1,7
67025216,16,4,7
67042888,0,0,7
67059536,1,0,7
67076176,4,0,7
67092816,0,1,7
67109456,0,0,7
67126100,4,0,7
67142748,1,1,7
67159376,0,0,7
67176012,0,1,7
67192656,0,0,7
67209304,1,0,7
67225936,1,0,7
67242564,0,0,7
67259208,0,1,7
67275864,0,1,7
67292496,0,1,7
67309132,0,0,7
67325776,1,0,7
67342420,0,0,7
67359052,0,0,7
67375696,0,0,7
67392324,0,0,7
67408972,0,0,7
67425616,0,0,7
67442252,0,0,7
67458896,0,0,7
67475544,0,0,7
67492176,0,0,7
67508808,0,0,7
67525448,0,0,7
67542096,0,0,7
67558744,0,0,7
67575380,0,1,7
67592008,0,1,7
67608660,0,0,7
67625292,0,0,7
67641936,0,0,7
67658568,0,1,7
67675216,0,0,7
67691852,0,0,7
67708484,0,0,7
67725132,0,0,7
67741776,0,0,7
67758424,1,0,7
67775056,1,0,7
67791688,0,1,7
67808344,1,1,7
67824976,1,0,7
67841612,1,0,7
67858244,0,0,7
67874896,0,0,7
67891540,0,1,7
67908172,0,0,7
67924804,0,0,7
67941452,0,0,7
67958100,0,1,7
67974732,0,1,7
67991376,0,0,7
68008016,0,0,7
68024656,0,0,7
68041288,0,1,7
68057932,0,0,7
68074576,0,0,7
68091228,1,0,7
68107856,1,0,7
68124488,1,0,7
68141136,0,0,7
68157776,0,0,7
68174416,1,0,7
68191048,0,0,7
68207692,0,0,7
68224336,0,0,7
68240972,0,0,7
68257608,0,0,7
68274268,1,1,7
68290904,0,0,7
68307540,1,1,7
68324180,0,1,7
68340812,0,0,7
68357456,0,0,7
68374088,0,0,7
68390728,0,0,7
68407376,0,1,7
68424020,0,1,7
68440656,0,0,7
68457300,0,1,7
68473936,0,0,7
68490572,0,0,7
68507204,0,0,7
68523860,0,0,7
68540504,1,0,7
68557136,0,0,7
68573764,0,0,7
68590408,0,0,7
68607060,0,1,7
68623704,0,1,7
68640328,0,1,7
68656976,1,0,7
68673616,4,0,7
68690252,0,0,7
68706896,1,0,7
68723532,0,1,7
68740176,0,0,7
68756824,0,0,7
68773456,0,0,7
68790096,1,0,7
68806736,0,0,7
68823376,0,0,7
68840008,0,0,7
68856656,0,0,7
68873304,0,0,7
68889932,0,0,7
68906564,0,0,7
68923216,1,0,7
68939864,1,0,7
68956496,0,0,7
68973128,0,1,7
68989776,0,0,7
69006420,0,0,7
69023064,0,1,7
69039688,0,0,7
69056328,0,0,7
69072972,0,0,7
69089620,0,1,7
69106260,0,1,7
69122900,0,1,7
69139536,0,0,7
69156176,0,0,7
69172816,1,1,7
69189444,0,0,7
69206092,0,0,7
69222736,0,0,7
69239368,0,1,7
69256016,0,1,7
69272656,0,0,7
69289300,1,0,7
69305936,1,0,7
69322576,0,0,7
69339216,0,0,7
69355856,0,0,7
69372488,0,0,7
69389124,0,0,7
69405788,0,1,7
69422416,0,0,7
69439044,0,0,7
69455684,0,0,7
69472336,0,1,7
69488976,0,0,7
69505616,1,0,7
69522248,0,0,7
69538904,1,0,7
69555544,1,0,7
69572180,0,1,7
69588816,0,0,7
69605456,1,0,7
69622104,4,1,7
69638740,1,1,7
69655372,0,1,7
69672016,1,1,7
69688656,0,1,7
69705300,0,0,7
69721940,0,0,7
69738580,0,1,7
69755212,0,0,7
69771844,0,0,7
69788484,0,0,7
69805136,0,0,7
69821780,0,1,7
69838420,0,1,7
69855052,0,0,7
69871696,0,0,7
69888336,0,0,7
69904976,0,0,7
69921608,0,1,7
69938256,0,0,7
69954900,0,0,7
69971540,0,0,7
69988176,0,0,7
70004816,0,1,7
70021456,0,0,7
70038092,0,0,7
70054736,1,0,6
70071376,1,0,6
70088012,0,0,6
70104644,0,0,6
70121284,0,0,6
70137936,0,0,6
70154588,1,1,6
70171216,0,0,6
70187856,0,0,6
70204500,4,1,6
70221132,0,0,6
70237776,0,36,6
70255460,1,64,6
70273148,1,0,6
70289788,1,1,6
70306420,4,81,6
70324104,0,0,6
70340752,4,361,6
70359472,81,25,6
70378176,100,361,6
70398964,144,196,6
70419788,484,16,6
70439552,529,49,6
70459300,144,25,6
70479056,36,289,6
70498812,36,49,6
70517540,25,121,6
70537296,25,361,6
70557064,36,64,6
70575780,0,16,6
70593452,9,144,6
70612184,0,36,6
70629860,1,324,6
70648580,16,289,6
70668344,9,256,6
70687060,49,169,6
70706824,0,49,6
70724500,16,144,6
70744260,36,0,6
70761940,9,49,6
70779616,16,100,6
70799396,1,169,6
70818100,9,100,6
70836820,9,49,6
70854504,4,1,6
70871152,1,144,6
70889880,9,25,6
70907540,25,121,6
70927292,0,81,6
70944980,16,9,6
70962660,4,169,6
70981376,1,361,6
71000112,9,169,6
71018824,1,100,6
71037536,0,25,6
71055220,1,64,6
71072908,0,1,6
71089552,1,225,6
71108264,9,169,6
71126972,0,225,6
71145696,0,64,6
71163380,81,4,6
71181056,9,81,6
71198756,1,25,6
71216424,1,256,6
71235136,16,676,6
71254900,121,784,6
71275712,49,625,6
71295460,64,441,6
71315212,121,0,6
71333936,16,256,6
71353700,16,4,6
71371376,4,25,6
71389064,1,196,6
71407780,4,121,6
71426496,0,9,6
71443140,4,36,6
71460816,25,256,6
71480576,49,36,6
71499296,0,9,6
71515948,0,625,6
71534672,1,1225,6
71554432,16,441,6
71574188,81,1,6
71591844,9,256,6
71610584,49,0,6
71628256,49,256,6
71648020,4,25,6
71665700,1,121,6
71684428,25,4,6
71702100,0,0,6
71718752,4,9,6
71735384,4,289,6
71754096,0,169,6
71772816,1,4,6
71789460,0,25,6
71807132,0,484,6
71825860,4,900,6
71844584,25,0,6
71862248,9,169,6
71880988,36,4,6
71898680,36,64,6
71917376,4,225,6
71936112,16,81,6
71954828,4,25,6
71972500,25,81,6
71991212,0,9,6
72007864,4,121,6
72026572,9,64,6
72044252,9,4,6
72060888,49,4,6
72078584,9,16,6
72096256,0,16,6
72113936,9,324,6
72132656,0,81,6
72150348,1,4,6
72166972,4,1369,6
72186728,4,4624,6
72206492,225,2304,6
72228348,169,576,6
72249144,25,676,6
72268908,81,484,6
72288660,121,25,6
72308408,4,256,6
72327128,1,900,6
72345868,4,529,6
72364588,16,49,6
72383296,16,0,6
72400972,16,676,6
72420736,64,2401,6
72441524,256,1296,6
72463396,289,784,6
72484192,25,484,6
72503940,25,121,6
72523696,100,196,6
72544508,36,49,6
72563228,16,0,6
72580900,4,121,6
72599628,25,100,6
72619384,100,9,6
72638096,64,36,6
72656812,25,100,6
72676588,0,529,6
72695288,144,196,6
72716100,196,36,6
72735868,16,9,6
72753556,0,9,6
72770172,0,16,6
72787860,9,225,6
72806576,0,0,6
72823208,49,529,6
72842984,4,169,6
72861708,16,0,6
72879376,49,169,6
72899132,169,1,6
72917848,81,841,6
72937604,49,1444,6
72958416,169,1600,6
72980248,225,729,6
73001068,144,196,6
73021856,16,121,6
73041612,25,25,6
73060332,9,121,6
73079068,1,4,6
73095704,4,4,6
73112340,4,64,6
73130024,49,16,6
73148736,49,100,6
73168492,25,1,6
73186180,16,196,6
73205936,16,121,6
73225700,25,400,6
73245456,1,144,6
73264184,16,1,6
73281860,1,0,6
73298500,4,4,6
73315144,9,1,6
73331780,64,289,6
73351540,9,1296,6
73371292,9,196,6
73390000,100,169,6
73410824,25,9,6
73428512,16,25,6
73447208,16,225,6
73466988,16,324,6
73486736,0,256,6
73505464,49,121,6
73525220,0,144,6
73543940,49,225,6
73563704,49,4,6
73581380,25,400,6
73601132,25,961,6
73620908,25,25,6
73639608,0,121,6
73658332,4,25,6
73676032,4,225,6
73694744,9,729,6
73713456,1,361,6
73732184,16,9,6
73749856,16,400,6
73769612,25,729,6
73789372,144,81,6
73809152,64,1,6
73826820,9,0,6
73843468,1,4,6
73860104,0,36,6
73877788,0,1,6
73894428,9,144,6
73913140,4,169,6
73931868,25,81,6
73950584,0,144,6
73969296,25,1,6
73986972,25,441,6
74006748,4,324,6
74025460,64,36,6
74044184,81,0,6
74061860,169,9,6
74080580,64,1,6
74098260,0,4,6
74114896,36,64,6
74133628,25,25,6
74152344,9,0,6
74168976,0,225,6
74187680,16,1225,6
74208508,0,961,6
74227224,16,36,6
74245940,1,144,6
74264656,16,100,6
74284428,1,784,6
74303136,16,196,6
74322892,9,25,6
74340572,9,289,6
74359292,64,1156,6
74380100,0,289,6
74398820,36,196,6
74418584,0,196,6
74437300,9,0,6
74453944,25,25,6
74472668,36,9,6
74490332,64,81,6
74509060,1,36,6
74526740,0,144,6
74545456,4,49,6
74563148,1,25,6
74580816,0,16,6
74598496,9,25,6
74616184,9,4,6
74632832,9,1,6
74649468,49,64,6
74668188,0,4,6
74684828,16,1,6
74702496,0,1,6
74719136,0,49,6
74736836,1,121,6
74755528,1,324,6
74774260,4,64,6
74791936,1,1,6
74808584,1,25,6
74826276,1,25,6
74843936,0,49,6
74861624,1,289,6
74880344,9,64,6
74898020,9,9,6
74914660,1,16,6
74932356,1,25,6
74950020,9,121,6
74968744,1,169,6
74987456,9,441,6
75006184,49,169,6
75025948,121,36,6
75045712,81,121,6
75065456,36,36,6
75084180,16,4,6
75101848,0,0,6
75118500,1,1,6
75135140,0,25,6
75152824,16,4,6
75170500,1,9,6
75187144,25,169,6
75206896,4,576,6
75225628,16,196,6
75245372,25,49,6
75264108,9,4,6
75280736,25,16,6
75299460,1,121,6
75318180,9,400,6
75336904,16,1024,6
75357700,36,729,6
75377460,49,1,6
75395156,16,4,6
75412824,0,100,6
75431532,16,0,6
75449224,100,100,6
75470020,4,25,6
75487700,4,9,6
75504340,1,25,6
75522012,1,4,6
75538656,0,4,6
75555300,4,4,6
75571940,1,0,6
75588576,9,25,6
75606256,0,9,6
75622896,0,4,6
75639540,0,4,6
75656176,1,0,6
75672820,0,16,6
75690496,4,36,6
75708180,36,16,6
75726900,9,9,6
75743540,1,1,6
75760176,0,4,6
75776812,0,9,6
75793456,0,25,6
75811148,1,64,6
75828820,1,4,6
75845448,0,0,6
75862100,9,25,6
75879780,16,81,6
75898500,1,1,6
75915140,0,36,6
75932816,9,0,6
75949472,9,1,6
75966104,4,25,6
75983776,9,9,6
76000424,1,0,6
76017068,36,1,6
76034736,9,4,6
76051372,4,0,6
76068016,9,16,6
76085692,0,100,6
76104420,4,4,6
76121056,16,1,6
76138748,9,16,6
76156416,1,100,6
76175136,1,289,6
76193872,9,25,6
76211548,4,100,6
76230260,1,256,6
76248980,4,400,6
76267708,4,121,6
76286416,9,25,6
76304096,1,36,6
76321772,4,9,6
76338424,16,36,6
76357152,4,196,6
76375860,9,1,6
76392512,1,1,6
76409152,4,25,6
76426808,0,25,6
76444500,0,1,6
76461148,4,289,6
76479856,0,361,6
76498572,9,36,6
76516256,4,36,6
76533952,9,121,6
76552660,1,25,6
76570340,4,49,6
76588012,1,144,6
76606736,0,49,6
76624424,9,49,6
76642104,16,64,6
76660824,9,4,6
76677464,1,4,6
76694096,4,100,6
76712820,9,144,6
76731548,0,36,6
76749220,0,144,6
76767936,4,9,6
76784568,9,49,6
76802268,49,4,6
76819932,16,196,6
76839696,0,144,6
76858424,1,9,6
76875064,0,16,6
76892744,1,49,6
76910416,0,16,6
76928104,4,4,6
76944736,4,9,6
76961380,1,121,6
76980100,16,289,6
76999864,25,1,6
77017536,1,81,6
77035220,16,196,6
77054984,9,900,6
77073700,9,784,6
77092416,81,64,6
77111140,1,36,6
77128816,81,16,6
77147540,9,9,6
77164172,1,4,6
77180816,16,25,6
77199548,1,0,6
77216180,0,64,6
77233864,4,484,6
77252564,0,441,6
77271316,9,9,6
77287944,1,64,6
77305632,4,0,6
77322264,0,100,6
77340988,4,36,6
77358656,16,25,6
77377380,36,100,6
77397140,9,81,6
77414820,9,144,6
77433540,9,1,6
77450176,0,169,6
77468908,4,121,6
77487620,9,49,6
77505300,1,144,6
77524024,4,49,6
77541700,0,64,6
77559376,9,121,6
77578096,0,196,6
77596824,25,4,6
77614496,0,1,6
77631140,9,25,6
77648812,1,1,6
77665460,16,49,6
77684180,0,9,6
77700824,16,36,6
77719524,1,16,6
77737228,0,1,6
77753848,4,81,6
77771532,25,25,6
77790264,1,4,6
77806908,1,1,6
77823548,4,1,6
77840180,0,256,6
77858900,0,121,6
77877624,16,4,6
77895300,4,1,6
77911928,4,4,6
77928588,1,1,6
77945232,0,49,6
77962904,4,121,6
77981616,4,25,6
77999308,4,144,6
78018020,25,9,6
78035700,4,64,6
78053372,1,9,6
78070024,16,225,6
78089776,16,256,6
78109540,1,144,6
78128268,4,16,6
78145944,36,49,6
78164668,9,4,6
78181292,1,1,6
78197940,1,289,6
78216648,1,16,6
78234336,9,16,6
78252000,4,361,6
78270748,0,9,6
78287388,16,25,6
78306104,0,9,6
78322748,4,4,6
78339388,1,121,6
78358092,4,225,6
78376820,9,16,6
78394508,4,9,6
78411148,16,4,6
78428816,64,36,6
78447520,9,100,6
78466272,1,529,6
78484976,0,169,6
78503708,1,4,6
78520348,4,9,6
78536976,16,4,6
78554668,9,25,6
78572332,0,16,6
78590032,1,4,6
78606660,16,4,6
78624332,4,25,6
78642020,4,16,6
78659700,4,1,6
78676340,0,1,6
78692980,0,81,6
78710656,0,361,6
78729384,1,324,6
78748104,9,4,6
78764736,16,121,6
78784492,0,9,6
78801144,0,9,6
78817776,9,49,6
78835464,1,169,6
78854188,0,25,6
78871872,0,1,6
78888500,1,1,6
78905132,0,0,6
78921784,4,256,6
78940504,25,361,6
78960264,0,0,6
78976892,0,16,6
78994588,16,4,6
79012260,0,81,6
79029940,0,1,6
79046564,4,9,6
79063224,1,0,6
79079860,9,1,6
79096500,1,16,6
79114164,1,36,6
79131868,16,0,6
79149536,49,36,6
79168260,0,64,6
79185948,4,25,6
79203628,9,16,6
79221308,4,25,6
79238976,4,0,6
79255628,4,16,6
79273304,0,9,6
79289944,0,225,6
79308656,0,324,6
79327392,4,0,6
79344020,0,9,6
79360652,9,0,6
79377312,0,4,6
79393952,0,25,6
79411636,0,225,6
79430344,0,289,6
79449056,16,169,6
79468824,4,4,6
79485468,9,9,6
79502100,25,0,6
79519776,1,0,6
79536420,4,25,6
79554096,9,144,6
79572816,4,64,6
79590504,4,4,6
79607148,16,9,6
79624820,0,4,6
79641460,1,4,6
79658100,1,9,6
79674740,0,49,6
79692416,0,256,6
79711132,9,625,6
79729848,100,225,6
79750656,64,9,6
79768332,0,1,6
79784980,0,36,6
79802664,1,121,6
79821372,0,64,6
79839056,16,49,6
79857780,0,1,6
79874428,16,4,6
79892108,1,100,6
79910816,25,289,6
79930588,4,16,6
79948248,16,64,6
79966980,0,256,6
79985708,4,81,6
80003384,25,4,6
80021056,4,9,6
80037704,0,16,6
80055400,0,25,4
80073064,0,4,4
80089692,4,16,4
80107376,1,121,4
80126104,4,49,4
80143788,1,0,4
80160420,0,0,4
80177052,0,25,4
80194744,0,0,4
80211380,0,81,4
80229052,0,16,4
80246720,0,729,4
80265456,36,256,4
80285228,49,9,4
80302900,4,1,4
80319540,9,0,4
80336188,9,1,4
80352824,0,1,4
80369460,0,0,4
80386108,1,9,4
80402740,0,9,4
80419372,1,0,4
80436016,1,0,4
80452660,0,1,4
80469296,0,0,4
80485936,1,0,4
80502580,1,0,4
80519220,1,1,4
80535860,16,9,4
80553528,36,1,4
80571224,36,4,4
80588908,0,1,4
80605536,81,36,4
80624260,81,49,4
80642972,49,0,4
80660668,49,25,4
80679388,144,100,4
80700172,256,36,4
80719948,36,49,4
80738656,4,225,4
80757372,25,100,4
80777132,9,16,4
80794832,25,9,4
80812496,4,0,4
80829128,196,400,4
80849944,64,441,4
80869704,36,0,4
80887372,441,16,4
80907136,729,121,4
80927948,36,729,4
80947700,576,225,4
80968512,1,36,4
80986188,100,16,4
81005952,25,169,4
81025700,9,25,4
81043376,9,64,4
81061072,0,16,4
81078732,100,196,4
81099536,49,1,4
81117220,9,4,4
81133856,1,0,4
81150504,9,1,4
81167136,100,16,4
81186908,144,121,4
81207700,25,225,4
81227448,9,289,4
81246164,256,1225,4
81268028,625,144,4
81288820,225,169,4
81309604,169,144,4
81330404,4489,400,4
81352256,6889,400,4
81374096,3025,1,4
81393860,64,16,4
81412580,2401,225,4
81434420,100,81,4
81454188,0,225,4
81472900,49,324,4
81492656,400,0,4
81511372,81,169,4
81531144,484,784,4
81551928,324,16,4
81571700,4,25,4
81589376,25,121,4
81609140,225,441,4
81629940,196,81,4
81649712,36,1,4
81667388,225,36,4
81687148,256,16,4
81706900,196,4,4
81725624,100,441,4
81746408,1296,576,4
81768260,256,0,4
81786988,81,9,4
81804672,100,1,4
81823380,9,16,4
81841048,25,25,4
81859764,576,400,4
81880572,2304,121,4
81902412,625,400,4
81923220,9,1600,4
81942972,1296,484,4
81964812,1225,36,4
81985632,169,169,4
82006420,49,841,4
82026168,100,324,4
82046960,400,81,4
82066744,225,4,4
82085452,100,36,4
82105220,16,36,4
82123936,100,289,4
82144728,400,484,4
82165528,576,256,4
82186340,100,1,4
82205068,49,256,4
82224816,36,100,4
82244564,0,1,4
82261232,144,25,4
82280988,100,100,4
82301784,1,16,4
82319460,16,36,4
82338180,4,225,4
82356896,4,49,4
82374572,64,49,4
82393308,121,16,4
82413064,16,121,4
82432804,16,196,4
82452580,100,16,4
82472336,144,121,4
82493140,64,81,4
82511852,36,1,4
82529548,25,1,4
82547216,100,121,4
82568000,2209,400,4
82589864,2601,49,4
82610656,529,16,4
82630420,36,16,4
82649140,49,4,4
82666820,144,81,4
82686580,484,1,4
82705292,400,1024,4
82727144,1225,729,4
82748968,289,361,4
82769784,81,900,4
82789540,121,256,4
82810340,361,4,4
82829072,1,64,4
82846732,961,529,4
82867548,1296,36,4
82888328,625,1024,4
82910168,0,169,4
82928896,121,169,4
82949704,64,576,4
82969456,144,81,4
82989220,121,9,4
83007936,1024,0,4
83027700,225,81,4
83047464,441,36,4
83067220,961,1,4
83085924,121,9,4
83104664,36,16,4
83123392,4,169,4
83142096,144,25,4
83161848,169,0,4
83180584,9,1,4
83197228,625,1,4
83215944,1444,9,4
83235700,484,9,4
83254424,256,1,4
83273148,900,0,4
83291856,1156,4,4
83311636,256,4,4
83330344,0,4,4
83346988,81,0,4
83364660,9,4,4
83381300,100,25,4
83401064,9,36,4
83418736,225,4,4
83437464,49,4,4
83455136,225,0,4
83473856,289,1,4
83492580,16,9,4
83510260,81,25,4
83528980,676,49,4
83548732,361,169,4
83569540,1,36,4
83587228,4,49,4
83604904,9,100,4
83623612,256,169,4
83644412,1521,729,4
83666256,961,169,4
83687060,169,36,4
83706816,1,4,4
83723464,100,4,4
83742176,169,64,4
83761948,25,49,4
83780672,169,1,4
83799380,64,1,4
83817060,100,4,4
83835768,36,225,4
83855536,784,400,4
83876332,81,49,4
83895052,0,81,4
83912740,196,9,4
83931468,324,36,4
83951224,36,121,4
83970972,289,25,4
83990736,81,49,4
84009444,25,225,4
84029220,1,196,4
84047944,9,64,4
84065620,0,16,4
84083296,1,16,4
84100968,81,64,4
84119708,256,64,4
84139468,64,64,4
84158172,169,256,4
84178980,576,169,4
84199780,100,49,4
84219532,64,0,4
84237216,36,1,4
84254904,1369,49,4
84275684,676,0,4
84294412,1,25,4
84312100,81,25,4
84330824,400,64,4
84350576,144,1,4
84369300,25,1,4
84386984,289,36,4
84406740,1024,64,4
84427540,169,4,4
84446264,25,0,4
84463940,121,144,4
84484740,225,361,4
84505528,36,225,4
84525308,64,121,4
84545064,36,1,4
84562748,9,81,4
84580420,36,441,4
84600184,361,9,4
84618892,196,36,4
84638648,0,36,4
84656348,0,49,4
84674020,36,9,4
84691712,1,9,4
84708332,49,36,4
84727064,4,1,4
84743696,49,484,4
84763448,484,2116,4
84785300,400,324,4
84806100,64,4,4
84823780,25,25,4
84842500,16,25,4
84861216,784,400,4
84882008,841,25,4
84901780,121,4,4
84920508,0,36,4
84938180,1,9,4
84954808,64,4,4
84972492,16,16,4
84991220,25,0,4
85008900,16,16,4
85027612,81,144,4
85047388,361,484,4
85068180,225,9,4
85086896,0,9,4
85103540,361,49,4
85123296,9,144,4
85142012,784,625,4
85162808,36,36,4
85181536,81,144,4
85201296,144,49,4
85221060,36,225,4
85240800,25,25,4
85259540,16,36,4
85278256,0,25,4
85295940,1,1,4
85312588,16,0,4
85330264,225,0,4
85348980,361,16,4
85368732,196,36,4
85388496,169,4,4
85407216,144,4,4
85425936,16,0,4
85443616,484,64,4
85463364,1936,576,4
85485220,676,196,4
85506012,36,16,4
85524736,121,225,4
85545536,729,625,4
85566336,784,256,4
85587148,225,25,4
85606900,25,9,4
85624572,100,9,4
85643300,36,25,4
85662020,4,9,4
85678672,0,0,4
85695312,9,100,4
85714020,196,400,4
85734816,400,144,4
85755620,16,9,4
85773288,1296,169,4
85795148,2704,169,4
85816984,841,25,4
85836732,25,81,4
85855468,256,256,4
85876256,289,144,4
85897064,100,1,4
85915784,144,144,4
85936580,36,529,4
85956340,16,64,4
85975076,1,1,4
85991712,64,0,4
86009392,1,9,4
86026020,4,1,4
86042668,81,4,4
86060348,64,81,4
86079060,144,225,4
86099852,729,169,4
86120660,361,64,4
86140420,0,1,4
86157052,121,36,4
86176824,100,9,4
86195544,100,0,4
86214256,144,100,4
86235056,4,100,4
86253788,4,64,4
86271452,676,36,4
86291216,2500,0,4
86310980,961,9,4
86329704,9,0,4
86346340,1,9,4
86362984,0,4,4
86379624,36,9,4
86397292,256,36,4
86417064,625,169,4
86437840,81,576,4
86457616,16,49,4
86476340,81,1,4
86494020,64,1,4
86511704,1225,484,4
86533540,841,289,4
86554336,49,9,4
86572016,9,36,4
86589708,1,121,4
86608428,1,81,4
86626100,100,16,4
86645856,121,16,4
86665632,49,1,4
86683312,100,225,4
86704088,256,1,4
86722832,1,324,4
86741548,9,100,4
86760256,256,25,4
86780020,64,25,4
86798740,361,900,4
86819544,0,1089,4
86839304,256,49,4
86859064,81,4,4
86876740,36,25,4
86895456,4,81,4
86913148,16,0,4
86930824,100,49,4
86950580,625,81,4
86970332,144,64,4
86990092,0,81,4
87007776,1,49,4
87025472,9,0,4
87042100,256,121,4
87062904,1369,196,4
87084740,441,4,4
87103456,0,0,4
87120108,64,1,4
87137780,9,36,4
87155460,16,9,4
87173148,9,1,4
87189776,81,4,4
87207456,16,121,4
87227220,9,49,4
87244912,144,25,4
87264660,361,36,4
87284412,81,16,4
87303132,4,25,4
87320828,36,0,4
87338500,81,0,4
87356180,169,0,4
87374900,144,0,4
87393612,576,64,4
87413376,1600,324,4
87435200,576,169,4
87456028,16,169,4
87475784,16,16,4
87494512,4,1,4
87511136,784,144,4
87531940,529,16,4
87551700,1,25,4
87569372,49,1,4
87587060,49,16,4
87605792,144,25,4
87625528,144,144,4
87646348,36,441,4
87666096,64,36,4
87684812,0,225,4
87703524,64,576,4
87723300,100,100,4
87744100,1,25,4
87761772,0,4,4
87778428,1,1,4
87795068,1,64,4
87812736,25,25,4
87831456,324,1,4
87850192,289,25,4
87869940,1,36,4
87887620,64,0,4
87905316,25,4,4
87922980,144,16,4
87942744,0,1,4
87959384,49,1,4
87977068,49,9,4
87994736,784,784,4
88015528,2500,1521,4
88038420,1156,36,4
88059228,121,9,4
88077944,0,169,4
88096652,100,144,4
88117456,169,400,4
88138260,36,25,4
88156976,4,0,4
88173632,144,25,4
88193388,81,36,4
88212108,36,49,4
88230812,169,36,4
88250588,25,0,4
88268264,1,36,4
88285944,4,9,4
88302572,9,16,4
88320272,49,25,4
88338988,1,49,4
88356660,100,49,4
88376428,36,0,4
88394096,25,225,4
88413860,121,196,4
88434648,144,0,4
88453388,49,4,4
88471060,0,4,4
88487688,0,81,4
88505376,25,49,4
88524100,225,49,4
88543852,169,36,4
88563616,25,1,4
88581304,25,9,4
88598968,4,169,4
88617700,0,36,4
88635372,4,16,4
88653064,169,16,4
88672812,484,9,4
88691536,225,0,4
88710264,16,0,4
88727940,25,4,4
88745616,0,0,4
88762260,169,36,4
88782032,49,1,4
88799708,4,4,4
88816344,49,144,4
88836092,144,81,4
88855864,441,4,4
88874580,676,16,4
88894340,289,16,4
88914108,9,49,4
88931776,16,100,4
88951532,289,36,4
88971300,729,169,4
88992096,144,4,4
89010832,25,4,4
89028508,1,1,4
89045144,1,36,4
89062828,1,0,4
89079460,36,4,4
89097136,4,4,4
89113788,36,100,4
89133540,16,484,4
89153300,100,81,4
89173064,0,1,4
89189708,4,9,4
89206340,484,121,4
89227128,256,100,4
89247952,16,36,4
89266660,196,49,4
89286420,400,1,4
89305140,361,64,4
89324900,169,49,4
89344660,49,16,4
89363372,0,0,4
89380028,196,25,4
89399776,9,16,4
89417452,225,9,4
89436184,0,9,4
89452824,400,169,4
89473612,1444,400,4
89495452,324,0,4
89514192,121,1,4
89532896,121,4,4
89551620,9,4,4
89568252,1,81,4
89585948,25,144,4
89605696,25,16,4
89624420,25,25,4
89643148,256,100,4
89663944,36,9,4
89681616,100,36,4
89701368,49,36,4
89720112,121,100,4
89740888,289,121,4
89761692,4,49,4
89779380,0,9,4
89796020,25,9,4
89813692,81,4,4
89831368,144,36,4
89851144,256,64,4
89870892,576,9,4
89889608,121,4,4
89908352,1,1,4
89924992,36,1,4
89942652,121,1,4
89961372,49,36,4
89980104,100,49,4
89999852,256,0,4
90018576,1,100,4
90037308,36,4,4
90054984,36,64,2
90073700,64,4,2
90091372,0,36,2
90109060,81,169,2
90128816,289,196,2
90149624,121,1,2
90168356,1,1,2
90184980,49,25,2
90203704,169,64,2
90223460,0,0,2
90240104,64,36,2
90258820,0,16,2
90276496,0,81,2
90294172,1,100,2
90312900,16,36,2
90331612,16,9,2
90349300,25,4,2
90366960,0,1,2
90383616,9,0,2
90400264,0,1,2
90416900,0,0,2
90433544,25,4,2
90451224,36,4,2
90468904,1,0,2
90485528,0,1,2
90502188,4,9,2
90518840,0,0,2
90535476,36,9,2
90553132,144,25,2
90572896,36,0,2
90590588,9,0,2
90607216,4,0,2
90623856,0,0,2
90640500,81,49,2
90659224,256,144,2
90680020,81,9,2
90697680,16,81,2
90716428,169,196,2
90737208,64,25,2
90755932,0,0,2
90772584,4,64,2
90790264,1,196,2
90808980,25,100,2
90828732,64,49,2
90847468,0,25,2
90865136,121,9,2
90883860,25,1,2
90901540,9,1,2
90918180,0,1,2
90934824,36,49,2
90953540,16,9,2
90971228,16,16,2
90989940,100,49,2
91009704,64,1,2
91027368,0,1,2
91044020,324,4,2
91062728,529,16,2
91082492,169,1,2
91101232,289,100,2
91122016,361,196,2
91142816,144,9,2
91161532,0,4,2
91178180,81,4,2
91195860,0,4,2
91212500,1,0,2
91229132,1,1,2
91245788,81,64,2
91264496,100,64,2
91284264,225,100,2
91305068,121,16,2
91324832,1,225,2
91343544,36,9,2
91361216,49,0,2
91378900,25,81,2
91397620,1,225,2
91416348,25,4,2
91434020,100,121,2
91454820,36,9,2
91472496,64,36,2
91491208,100,225,2
91512016,25,100,2
91531784,25,1,2
91549468,36,4,2
91567148,4,0,2
91583784,441,225,2
91604580,1444,361,2
91626416,289,1,2
91645148,0,9,2
91661772,36,1,2
91679464,196,25,2
91699232,196,196,2
91720032,25,9,2
91737700,1,0,2
91754348,1,25,2
91772024,0,1,2
91788668,1,0,2
91805296,1,16,2
91822976,16,0,2
91840668,1,1,2
91857304,9,25,2
91874984,9,144,2
91893692,4,49,2
91911380,16,0,2
91929052,1,1,2
91945704,1,1,2
91962328,9,0,2
91978976,1,0,2
91995612,64,9,2
92013300,1,0,2
92029944,25,1,2
92047628,1,0,2
92064252,4,0,2
92080892,4,0,2
92097540,4,9,2
92114196,9,36,2
92131864,121,49,2
92151616,81,64,2
92170348,9,1,2
92186988,4,4,2
92203624,9,9,2
92220252,9,25,2
92237936,100,36,2
92257696,36,16,2
92276420,36,16,2
92295120,64,16,2
92313860,1,0,2
92330496,9,9,2
92347140,9,16,2
92364820,100,49,2
92384584,441,100,2
92405380,49,0,2
92423060,1,4,2
92439708,4,1,2
92456344,9,0,2
92472976,49,16,2
92491684,81,9,2
92509384,4,9,2
92526008,25,0,2
92543700,36,0,2
92561376,4,1,2
92578028,0,9,2
92594652,169,4,2
92613380,289,0,2
92632104,36,4,2
92649784,0,1,2
92666412,36,9,2
92684104,225,49,2
92703864,121,4,2
92722580,16,81,2
92741300,4,64,2
92758968,1,9,2
92775620,4,4,2
92792260,9,1,2
92808896,4,4,2
92825532,9,4,2
92842176,9,0,2
92858816,1,4,2
92875460,4,4,2
92892096,36,9,2
92909780,64,64,2
92928500,4,25,2
92946180,0,4,2
92962820,25,1,2
92980516,4,1,2
92997148,49,0,2
93014812,36,1,2
93032508,0,9,2
93049136,4,144,2
93067860,4,121,2
93086576,16,25,2
93105312,9,1,2
93121936,25,0,2
93139616,1,0,2
93156252,1,1,2
93172908,4,4,2
93189548,1,1,2
93206180,9,0,2
93222808,25,9,2
93240496,4,9,2
93257128,16,100,2
93276900,16,225,2
93296668,1,36,2
93314356,49,1,2
93332024,81,4,2
93349692,9,0,2
93366344,16,4,2
93384020,64,49,2
93402728,36,169,2
93422496,289,676,2
93443300,81,25,2
93462020,9,9,2
93478656,25,25,2
93497384,36,25,2
93516096,16,16,2
93534808,25,25,2
93553540,1,1,2
93570180,0,4,2
93586824,16,0,2
93604496,49,1,2
93622168,16,25,2
93640908,1,4,2
93657544,9,9,2
93674180,49,0,2
93691840,1,16,2
93709540,25,1,2
93727220,9,0,2
93743860,49,4,2
93761540,4,36,2
93779220,49,25,2
93797936,144,1,2
93816656,256,64,2
93836420,49,4,2
93854112,16,1,2
93871776,25,16,2
93890496,0,16,2
93908188,4,4,2
93924824,0,1,2
93941456,4,0,2
93958088,9,1,2
93974748,1,9,2
93991380,25,9,2
94009052,36,0,2
94026720,9,0,2
94043376,36,16,2
94062100,121,9,2
94080820,64,1,2
94098512,9,9,2
94115152,4,9,2
94131780,25,25,2
94150496,49,121,2
94170252,36,25,2
94188976,9,0,2
94205616,1,4,2
94222248,1,16,2
94239948,9,4,2
94256580,16,1,2
94274260,1,4,2
94290884,1,9,2
94307544,4,25,2
94325220,4,36,2
94342900,100,64,2
94362664,121,81,2
94382432,9,1,2
94399060,4,1,2
94415700,36,0,2
94433376,1,64,2
94451064,16,100,2
94470824,4,1,2
94487452,16,0,2
94505140,49,9,2
94522808,36,16,2
94541528,25,100,2
94561296,25,9,2
94578980,36,0,2
94596660,16,0,2
94614336,9,9,2
94630976,9,49,2
94648660,1,25,2
94666340,1,4,2
94682972,4,4,2
94699620,100,9,2
94718340,49,1,2
94736016,0,4,2
94752656,0,25,2
94770348,0,0,2
94786976,0,9,2
94803620,0,4,2
94820252,1,16,2
94837948,9,16,2
94855620,49,4,2
94873300,36,0,2
94890976,144,0,2
94909700,144,4,2
94928428,4,36,2
94946096,9,36,2
94963780,0,1,2
94980432,64,49,2
94999136,64,9,2
95016812,144,36,2
95036576,676,81,2
95056340,121,0,2
95075060,4,1,2
95091692,9,9,2
95108340,4,4,2
95124976,9,1,2
95141620,1,0,2
95158252,9,4,2
95174900,16,36,2
95193632,1,25,2
95211292,36,16,2
95230024,4,0,2
95246668,25,0,2
95264340,36,1,2
95282016,36,0,2
95299696,9,0,2
95316340,1,1,2
95332980,0,1,2
95349616,100,9,2
95368344,289,49,2
95388100,9,16,2
95405776,49,0,2
95423452,16,0,2
95441148,1,0,2
95457780,9,9,2
95474420,49,16,2
95493148,144,36,2
95512900,361,100,2
95533696,256,9,2
95552416,64,4,2
95570104,9,4,2
95586740,1,4,2
95603380,1,0,2
95620016,1,1,2
95636660,0,0,2
95653292,0,1,2
95669952,9,9,2
95686572,16,1,2
95704260,16,25,2
95722980,9,16,2
95740668,4,0,2
95757296,1,1,2
95773948,4,64,2
95791620,16,225,2
95811376,81,81,2
95830100,144,25,2
95849864,9,0,2
95866492,1,1,2
95883140,49,49,2
95901868,16,9,2
95919528,4,16,2
95937212,49,25,2
95955932,196,9,2
95974664,289,1,2
95993388,9,0,2
96010012,25,1,2
96027700,64,9,2
96045380,121,0,2
96064096,100,36,2
96083852,25,1,2
96101548,4,9,2
96118184,144,25,2
96137940,400,81,2
96157692,81,25,2
96176428,25,9,2
96194108,16,0,2
96211776,0,9,2
96228428,0,1,2
96245056,9,16,2
96262732,36,25,2
96281452,25,1,2
96299144,0,1,2
96315776,16,49,2
96334496,49,81,2
96353220,1,1,2
96369860,16,16,2
96388576,121,81,2
96408324,64,81,2
96427060,9,0,2
96443712,49,4,2
96461376,49,9,2
96479056,1,4,2
96495696,1,0,2
96512348,16,1,2
96530020,16,4,2
96547696,4,0,2
96564340,0,9,2
96580980,0,9,2
96597616,9,0,2
96614264,9,1,2
96630908,1,0,2
96647548,1,16,2
96665216,36,64,2
96683932,4,0,2
96700580,64,49,2
96719292,100,9,2
96738012,36,4,2
96755684,36,0,2
96773396,4,1,2
96790020,36,0,2
96807704,49,1,2
96825380,0,1,2
96842020,16,1,2
96859700,0,0,2
96876340,64,0,2
96894016,36,0,2
96911696,1,0,2
96928324,0,0,2
96944972,9,0,2
96961624,36,1,2
96979300,16,9,2
96996980,16,9,2
97014656,1,0,2
97031308,9,1,2
97047944,4,0,2
97064580,9,9,2
97081208,144,81,2
97100988,196,100,2
97121780,36,9,2
97139468,4,0,2
97156104,4,0,2
97172740,0,1,2
97189380,1,9,2
97206016,0,0,2
97222644,0,4,2
97239316,9,64,2
97256984,49,25,2
97275688,64,0,2
97293380,16,4,2
97311060,0,9,2
97327700,49,0,2
97345388,49,49,2
97364104,4,25,2
97381776,49,81,2
97400500,121,225,2
97421296,64,4,2
97438988,9,25,2
97456664,0,36,2
97474336,25,9,2
97492016,9,9,2
97508664,36,64,2
97527380,1,36,2
97545056,1,36,2
97562748,9,49,2
97580428,9,4,2
97597064,0,4,2
97613700,4,9,2
97630332,0,0,2
97646980,4,0,2
97663624,4,1,2
97680260,64,0,2
97697940,36,9,2
97715616,16,0,2
97733300,9,4,2
97749932,4,0,2
97766584,9,9,2
97783216,0,36,2
97800896,0,9,2
97817532,1,9,2
97834180,16,0,2
97851864,64,1,2
97869528,4,9,2
97886168,4,16,2
97903864,9,1,2
97920500,25,0,2
97938184,1,4,2
97954812,1,9,2
97971460,4,4,2
97988100,9,16,2
98005776,16,0,2
98023464,1,64,2
98041144,9,49,2
98058812,4,1,2
98075456,1,0,2
98092096,4,0,2
98108744,1,9,2
98125380,4,4,2
98142016,4,0,2
98158656,0,0,2
98175296,0,0,2
98191944,4,1,2
98208580,9,9,2
98225220,9,16,2
98242904,4,4,2
98259544,1,1,2
98276172,4,16,2
98293856,9,4,2
98310504,4,0,2
98327144,9,1,2
98343776,0,9,2
98360428,9,1,2
98377068,9,1,2
98393700,9,4,2
98410352,4,1,2
98426976,4,0,2
98443624,16,4,2
98461296,64,1,2
98478984,100,1,2
98497712,1,36,2
98515380,16,9,2
98533060,1,0,2
98549696,1,1,2
98566340,0,4,2
98582984,64,4,2
98600656,64,49,2
98619376,1,25,2
98637060,1,0,2
98653700,49,1,2
98671380,9,16,2
98689068,0,49,2
98706744,1,36,2
98724420,4,4,2
98741068,0,64,2
98758740,16,36,2
98777456,25,0,2
98795136,9,0,2
98811780,9,25,2
98829464,16,9,2
98847144,64,16,2
98865860,256,16,2
98885612,81,0,2
98903308,1,0,2
98919948,9,4,2
98936580,1,4,2
98953212,4,0,2
98969860,1,0,2
98986500,25,4,2
99004172,49,1,2
99021868,9,16,2
99039536,1,25,2
99057216,16,1,2
99074900,0,9,2
99091540,25,1,2
99109228,9,0,2
99125864,1,0,2
99142500,1,0,2
99159148,1,25,2
99176820,9,16,2
99194504,1,4,2
99211136,1,16,2
99228828,0,0,2
99245468,4,4,2
99262096,4,0,2
99278748,9,1,2
99295388,49,9,2
99313060,16,16,2
99331768,0,0,2
99348408,0,100,2
99367148,49,169,2
99386904,81,16,2
99405616,36,0,2
99423312,36,1,2
99440980,81,9,2
99458660,36,1,2
99476340,1,0,2
99492988,0,0,2
99509620,25,1,2
99527292,81,25,2
99546008,81,49,2
99564740,16,9,2
99582420,1,4,2
99599060,1,36,2
99616736,9,36,2
99634416,4,0,2
99651060,4,9,2
99667700,0,1,2
99684336,9,1,2
99700988,25,1,2
99718664,1,9,2
99735304,16,16,2
99754020,25,16,2
99772740,81,16,2
99791460,49,4,2
99809140,1,9,2
99825788,4,49,2
99843468,25,25,2
99862180,25,4,2
99879856,16,4,2
99897536,0,0,2
99914180,4,1,2
99930812,0,25,2
99948492,16,9,2
99966176,121,25,2
99985948,121,36,2
100005700,4,0,2
100023392,0,0,2
100041072,0,16,2
100059780,0,36,7
100078492,1,0,7
100096176,0,64,7
100114900,16,289,7
100135688,25,64,7
100155468,36,4,7
100174192,4,1,7
100191856,1,0,7
100209540,4,1,7
100227220,9,4,7
100244908,36,169,7
100265692,361,289,7
100287544,324,36,7
100308340,64,9,7
100327056,4,25,7
100345768,16,1,7
100364504,9,0,7
100382184,16,1,7
100400900,1,0,7
100418600,0,1,7
100436264,16,0,7
100454972,4,0,7
100472648,0,0,7
100490336,4,4,7
100508020,9,4,7
100525704,0,1,7
100543372,0,9,7
100561056,0,0,7
100578736,1,0,7
100596412,9,1,7
100614092,9,1,7
100631784,25,9,7
100650500,196,25,7
100671300,49,0,7
100690020,25,1,7
100708748,64,0,7
100727448,9,4,7
100745128,0,1,7
100762832,4,1,7
100780500,0,0,7
100798176,0,0,7
100815852,1,16,7
100834584,4,64,7
100853300,0,25,7
100872028,1,0,7
100889720,4,9,7
100907388,0,1,7
100925052,0,1,7
100942728,0,36,7
100961472,4,1,7
100979140,0,4,7
100996824,1,9,7
101014492,0,9,7
101032176,0,4,7
101049860,1,1,7
101067540,36,0,7
101086256,81,0,7
101104984,25,1,7
101123700,1,4,7
101141388,1,0,7
101159068,0,1,7
101176744,9,0,7
101194416,4,0,7
101212092,4,0,7
101229776,16,0,7
101248492,25,1,7
101267216,4,0,7
101284900,225,4,7
101304660,225,9,7
101324416,0,0,7
101342100,49,0,7
101360816,16,0,7
101379528,0,0,7
101397216,9,0,7
101414892,9,0,7
101432584,0,0,7
101450264,1,0,7
101467936,0,1,7
101485612,1,0,7
101503304,4,0,7
101520976,0,0,7
101538652,1,0,7
101556332,1,0,7
101574020,0,1,7
101591688,0,1,7
101609372,0,0,7
101627052,0,0,7
101644728,0,0,7
101662416,1,0,7
101680092,1,0,7
101697780,0,0,7
101715456,0,0,7
101733128,0,1,7
101750816,0,0,7
101768496,0,0,7
101786176,1,0,7
101803856,9,0,7
101821536,1,1,7
101839216,0,0,7
101856896,1,0,7
101874572,0,0,7
101892256,0,0,7
101909924,0,0,7
101927604,0,0,7
101945280,0,0,7
101962976,0,0,7
101980648,0,0,7
101998332,0,0,7
102016016,0,0,7
102033696,1,0,7
102051376,0,0,7
102069056,0,0,7
102086736,0,0,7
102104416,1,0,7
102122092,0,0,7
102139776,0,0,7
102157456,0,0,7
102175136,0,0,7
102192816,0,0,7
102210480,0,0,7
102228176,0,0,7
102245848,0,0,7
102263536,1,0,7
102281212,0,0,7
102298896,0,0,7
102316576,0,0,7
102334256,0,0,7
102351936,0,0,7
102369624,1,0,7
102387288,0,0,7
102404976,1,0,7
102422656,1,1,7
102440336,0,0,7
102458004,0,0,7
102475688,0,0,7
102493376,0,0,7
102511048,0,1,7
102528728,0,0,7
102546412,1,0,7
102564100,0,0,7
102581784,1,0,7
102599452,0,1,7
102617148,0,0,7
102634824,0,0,7
102652496,0,0,7
102670176,1,0,7
102687856,0,0,7
102705536,0,0,7
102723216,1,1,7
102740888,0,1,7
102758576,0,0,7
102776248,1,0,7
102793944,0,0,7
102811616,0,0,7
102829304,1,0,7
102846968,0,1,7
102864644,0,0,7
102882332,0,0,7
102900016,0,0,7
102917692,1,0,7
102935376,1,0,7
102953052,0,0,7
102970736,0,0,7
102988412,1,0,7
103006092,0,1,7
103023784,1,0,7
103041444,0,0,7
103059128,0,0,7
103076804,0,0,7
103094496,0,0,7
103112168,0,0,7
103129856,1,0,7
103147532,1,0,7
103165216,0,0,7
103182888,0,0,7
103200576,0,1,7
103218256,0,0,7
103235944,1,0,7
103253612,0,0,7
103271296,1,0,7
103288984,1,0,7
103306656,0,1,7
103324328,0,0,7
103342012,1,0,7
103359692,0,0,7
103377376,0,0,7
103395048,0,0,7
103412724,0,0,7
103430416,0,0,7
103448096,0,1,7
103465772,0,1,7
103483460,0,1,7
103501144,0,0,7
103518812,0,0,7
103536492,0,0,7
103554188,1,0,7
103571864,0,0,7
103589524,0,0,7
103607212,1,0,7
103624896,0,0,7
103642568,0,0,7
103660248,0,0,7
103677936,0,0,7
103695624,1,0,7
103713304,4,0,7
103730968,0,0,7
103748652,0,0,7
103766332,0,0,7
103784008,0,0,7
103801684,0,0,7
103819380,0,1,7
103837068,1,1,7
103854736,4,0,7
103872404,0,0,7
103890100,0,1,7
103907776,0,0,7
103925448,0,0,7
103943124,0,0,7
103960816,0,0,7
103978488,0,1,7
103996168,0,1,7
104013856,0,1,7
104031536,0,0,7
104049208,0,1,7
104066892,0,1,7
104084576,0,0,7
104102256,1,0,7
104119928,0,1,7
104137612,1,0,7
104155292,0,0,7
104172964,0,0,7
104190648,0,0,7
104208324,0,0,7
104226020,0,0,7
104243692,1,0,7
104261368,0,0,7
104279056,0,1,7
104296736,0,1,7
104314408,0,0,7
104332088,0,0,7
104349780,0,1,7
104367460,0,1,7
104385128,0,1,7
104402804,0,0,7
104420492,0,0,7
104438176,0,0,7
104455848,1,0,7
104473520,0,0,7
104491216,0,0,7
104508884,0,0,7
104526568,0,0,7
104544252,0,0,7
104561944,1,0,7
104579616,0,0,7
104597288,0,0,7
104614980,0,0,7
104632664,0,0,7
104650324,0,0,7
104668008,0,0,7
104685692,1,0,7
104703376,1,0,7
104721048,0,0,7
104738720,0,0,7
104756424,1,0,7
104774084,0,0,7
104791776,0,0,7
104809448,0,0,7
104827136,0,0,7
104844820,1,0,7
104862500,0,0,7
104880184,0,0,7
104897852,0,0,7
104915536,1,0,7
104933216,0,0,7
104950900,0,0,7
104968576,0,0,7
104986256,1,0,7
105003928,0,0,7
105021616,1,0,7
105039288,0,0,7
105056976,0,0,7
105074648,1,0,7
105092332,0,0,7
105110012,0,0,7
105127692,0,1,7
105145380,0,1,7
105163060,0,0,7
105180724,0,0,7
105198408,0,0,7
105216096,0,0,7
105233788,1,0,7
105251456,0,0,7
105269136,1,0,7
105286816,0,0,7
105304488,0,0,7
105322168,0,0,7
105339840,0,0,7
105357544,1,0,7
105375212,1,0,7
105392888,0,0,7
105410576,0,0,7
105428264,1,0,7
105445936,0,0,7
105463608,0,0,7
105481296,0,0,7
105498976,0,0,7
105516656,0,0,7
105534336,0,0,7
105552012,1,0,7
105569692,1,0,7
105587368,0,0,7
105605040,0,0,7
105622732,0,0,7
105640404,0,0,7
105658088,0,0,7
105675768,1,0,7
105693456,0,0,7
105711136,0,0,7
105728816,1,0,7
105746504,1,0,7
105764176,4,0,7
105781860,0,1,7
105799540,0,0,7
105817220,1,0,7
105834896,1,0,7
105852572,0,0,7
105870240,0,0,7
105887936,0,0,7
105905616,0,0,7
105923288,0,0,7
105940960,0,0,7
105958656,0,0,7
105976340,0,0,7
105994008,0,0,7
106011696,0,0,7
106029384,1,0,7
106047056,0,0,7
106064736,0,0,7
106082416,0,0,7
106100108,0,1,7
106117772,0,0,7
106135448,0,0,7
106153148,0,0,7
106170812,1,0,7
106188484,0,0,7
106206160,0,0,7
106223860,0,0,7
106241536,0,0,7
106259216,0,0,7
106276896,0,0,7
106294584,1,0,7
106312256,0,1,7
106329932,0,1,7
106347616,0,1,7
106365296,0,0,7
106382964,0,0,7
106400660,0,1,7
106418340,0,1,7
106436012,0,0,7
106453684,0,0,7
106471368,0,1,7
106489056,0,0,7
106506736,0,0,7
106524412,0,0,7
106542096,0,0,7
106559776,0,1,7
106577448,0,0,7
106595128,0,0,7
106612816,0,0,7
106630496,0,0,7
106648172,1,0,7
106665856,0,0,7
106683536,0,0,7
106701216,1,0,7
106718884,0,0,7
106736572,0,1,7
106754252,0,0,7
106771928,0,0,7
106789608,0,1,7
106807292,0,0,7
106824980,0,1,7
106842660,0,0,7
106860324,0,0,7
106878016,0,0,7
106895696,1,0,7
106913376,1,0,7
106931048,0,0,7
106948736,0,0,7
106966416,0,0,7
106984096,0,0,7
107001764,0,0,7
107019452,0,0,7
107037136,0,1,7
107054804,0,0,7
107072484,0,0,7
107090176,0,1,7
107107856,0,1,7
107125536,0,0,7
107143216,0,0,7
107160896,0,0,7
107178576,0,0,7
107196256,0,0,7
107213944,0,0,7
107231616,0,1,7
107249288,0,0,7
107266964,0,0,7
107284656,1,0,7
107302324,0,0,7
107320012,0,0,7
107337676,0,0,7
107355380,0,1,7
107373056,0,1,7
107390728,0,1,7
107408416,0,0,7
107426096,0,0,7
107443768,0,1,7
107461448,0,0,7
107479140,1,0,7
107496824,1,0,7
107514500,1,0,7
107532176,0,0,7
107549868,0,0,7
107567540,0,0,7
107585216,0,0,7
107602892,1,0,7
107620580,0,1,7
107638244,0,0,7
107655928,0,0,7
107673616,0,0,7
107691296,0,0,7
107708968,0,0,7
107726656,0,0,7
107744348,0,0,7
107762020,0,0,7
107779696,1,0,7
107797384,4,1,7
107815064,1,1,7
107832736,0,0,7
107850404,0,0,7
107868080,0,0,7
107885776,0,0,7
107903460,1,0,7
107921136,0,0,7
107938804,0,0,7
107956500,1,0,7
107974176,0,0,7
107991848,0,0,7
108009536,1,0,7
108027216,1,1,7
108044896,1,1,7
108062572,0,0,7
108080256,0,1,7
108097932,0,0,7
108115608,0,0,7
108133292,0,0,7
108150984,0,0,7
108168652,0,0,7
108186328,0,0,7
108204000,0,0,7
108221692,0,0,7
108239372,0,0,7
108257048,0,0,7
108274736,0,0,7
108292416,0,0,7
108310088,0,0,7
108327768,0,0,7
108345460,1,0,7
108363136,0,0,7
108380808,0,1,7
108398488,0,1,7
108416176,0,0,7
108433848,0,0,7
108451536,0,0,7
108469204,0,0,7
108486900,0,0,7
108504580,0,0,7
108522252,0,0,7
108539936,0,0,7
108557616,0,0,7
108575284,0,0,7
108592976,1,0,7
108610652,0,0,7
108628332,1,0,7
108646020,0,0,7
108663696,0,0,7
108681376,0,0,7
108699060,0,1,7
108716736,0,0,7
108734400,0,0,7
108752100,0,1,7
108769776,0,1,7
108787460,0,0,7
108805136,0,1,7
108822816,0,0,7
108840488,0,0,7
108858164,0,0,7
108875852,0,0,7
108893536,0,0,7
108911212,1,0,7
108928888,0,1,7
108946572,0,0,7
108964256,0,0,7
108981928,0,0,7
108999600,0,0,7
109017296,0,0,7
109034968,0,0,7
109052644,0,0,7
109070320,0,0,7
109088020,0,0,7
109105704,0,0,7
109123372,1,0,7
109141064,1,0,7
109158736,0,0,7
109176408,0,0,7
109194092,1,0,7
109211776,0,0,7
109229452,1,0,7
109247128,0,0,7
109264808,0,0,7
109282496,0,0,7
109300168,0,0,7
109317848,0,0,7
109335520,0,0,7
109353224,1,0,7
109370896,0,0,7
109388568,0,0,7
109406264,0,0,7
109423936,1,0,7
109441608,0,0,7
109459288,0,0,7
109476972,0,0,7
109494668,1,0,7
109512336,0,0,7
109530008,1,0,7
109547696,0,0,7
109565364,0,0,7
109583048,0,0,7
109600724,0,0,7
109618424,0,1,7
109636084,0,0,7
109653776,1,0,7
109671456,0,0,7
109689132,0,0,7
109706820,0,0,7
109724492,0,0,7
109742172,0,0,7
109759852,0,0,7
109777536,1,0,7
109795208,0,0,7
109812896,0,0,7
109830568,0,0,7
109848256,0,0,7
109865928,0,0,7
109883612,0,0,7
109901296,0,1,7
109918968,0,0,7
109936652,0,0,7
109954332,0,0,7
109972012,0,1,7
109989700,0,1,7
110007372,0,0,7
110025056,0,0,7
110042736,1,0,7
