Timestamp (micros),Sensor1 (mV),Sensor2 (mV)
,,
,,
,,
,,
,,
,,
53864,9025,2809
56100,441,121
58236,121,36
60668,400,324
78336,196,400
96024,4,1
109524,121,625
128272,0,100
144896,25,196
162580,144,121
181308,36,121
198960,36,1444
217704,9,1849
235372,4,1764
253060,256,1369
272820,144,0
289460,4,64
305052,0,121
321700,100,144
340416,4,256
357060,1,25
372648,16,16
389312,1,1089
406976,1,1600
424652,144,2025
444400,121,3721
464176,121,441
482892,225,144
501628,9,484
518264,9,900
534904,49,81
551528,36,1444
570256,4,3364
587932,100,1521
607708,121,1936
627456,9,5476
645136,81,5041
663856,256,196
682568,4,484
699232,36,576
716916,4,100
733536,49,784
751208,1,1444
768892,529,3025
788656,361,2601
808408,196,324
827136,256,289
845852,9,36
861468,1,841
878104,4,196
894728,64,441
912416,0,121
929060,25,169
946744,36,144
964412,25,1225
983148,4,169
999788,1,225
1016412,0,1444
1035120,25,11449
1055944,361,4356
1076732,289,196
1096488,1,1521
1115208,64,169
1133944,36,1849
1153692,36,196
1172412,1,169
1190108,16,4
1206732,121,256
1226484,4,289
1244172,1,2025
1262904,0,4
1278504,36,1156
1298272,225,100
1318012,196,900
1337780,4,169
1355464,324,484
1375204,81,2500
1394984,9,3136
1413684,1,3969
1432420,25,0
1449064,196,13225
1470876,961,1024
1491688,324,576
1511460,36,625
1530168,1,1089
1548900,0,289
1566568,100,676
1586336,9,81
1602964,121,2116
1623772,25,2304
1643540,36,225
1662272,64,36
1679932,49,289
1698648,0,1225
1717372,16,3364
1737132,81,144
1755868,36,1369
1775596,289,4624
1796412,64,4096
1816176,361,144
1835936,289,676
1855692,64,4225
1875452,25,2116
1895208,289,49
1913944,36,676
1932660,256,529
1952416,0,49
1969052,0,1
1984668,9,324
2002348,16,4
2018980,9,1600
2037692,64,4489
2057468,529,4225
2078240,144,289
2098008,16,324
2116728,9,196
2134416,0,625
2152104,169,484
2171840,256,1521
2192656,0,529
2210336,1,3844
2229056,1,8281
2247772,361,11236
2269612,256,24649
2291444,361,13924
2313296,729,841
2333080,25,144
2351780,256,256
2371528,16,576
2390248,49,2601
2410008,144,1156
2430816,0,1849
2449532,49,0
2466176,81,2401
2485932,81,9
2502556,289,196
2522328,121,3600
2543144,0,1936
2561856,256,36
2580576,1,4761
2599300,1,8649
2618012,0,2601
2636736,100,9
2654428,49,576
2673128,9,3136
2691848,1,20164
2711616,676,10816
2733460,676,49
2752172,0,9
2767760,16,4096
2787544,484,529
2807296,324,2209
2828092,36,484
2846824,100,3025
2867612,121,7569
2888404,16,6889
2908172,100,2500
2928984,256,529
2948736,0,900
2966412,16,25
2984104,100,16
3002808,36,64
3020504,0,729
3038168,36,1369
3057936,25,729
3076644,400,3844
3097444,49,11449
3118256,121,324
3138000,9,9216
3156728,225,15625
3178576,529,4624
3199368,484,3364
3220168,100,5184
3240968,1,2601
3259696,16,961
3278404,121,2401
3299208,169,10201
3321052,256,9604
3341856,676,5476
3362648,361,5776
3383464,144,625
3403208,144,1156
3423996,36,14884
3444816,484,13225
3466668,2116,1849
3488492,625,3721
3509300,9,9604
3528016,36,0
3544640,121,6889
3565444,100,9216
3586252,676,5476
3607048,289,900
3626800,49,4761
3646576,144,8649
3667384,676,169
3687132,49,3969
3706900,144,3600
3727692,49,196
3746412,49,1225
3766164,81,225
3784900,16,576
3803604,324,9801
3824404,16,11881
3845212,729,9025
3866012,289,441
3885772,196,4096
3906584,36,4225
3926336,256,64
3945052,25,225
3963748,441,17956
3985620,9,0
4001216,1936,2704
4023040,900,5041
4043852,121,3600
4064656,81,3136
4084408,1,16900
4104168,100,729
4123940,676,6724
4144736,9,576
4162396,256,2601
4183216,25,36
4200896,121,676
4220656,81,625
4239380,1,64
4256008,64,2025
4275760,1,1936
4294484,100,64
4313220,144,2704
4334004,100,3481
4354800,169,1444
4375620,9,12996
4395388,225,2209
4416176,36,64
4433852,1,4
4449464,9,196
4467136,0,2704
4485852,4,400
4503520,400,361
4523292,64,1156
4543044,64,9801
4562812,225,14161
4584640,529,4761
4605460,1,3844
4624176,9,2809
4642896,289,49
4661628,16,144
4680336,9,1444
4699048,81,676
4717772,16,49
4735452,144,25
4754176,4,625
4771872,81,4
4788496,169,121
4808264,256,196
4828000,16,0
4844652,64,625
4863376,49,1
4880016,0,0
4895604,1,169
4913304,0,441
4930976,36,2916
4950732,0,8836
4969456,1,4225
4988176,484,144
5007932,225,900
5027684,36,1156
5047452,100,25
5066168,144,2304
5086984,64,1225
5106748,25,49
5124432,4,1089
5143128,81,121
5161844,16,2304
5181624,9,25
5198248,100,2116
5219060,361,361
5238824,256,196
5258584,0,225
5276248,49,1764
5296016,0,1225
5314752,1,256
5332424,16,324
5351132,0,144
5368812,1,169
5386504,9,441
5404180,36,1936
5423940,289,841
5443700,144,100
5463456,1,361
5481148,0,2500
5499840,16,484
5518564,169,5329
5539372,4,6400
5558092,196,1
5575792,25,36
5593464,16,121
5612168,144,1849
5632968,1,49
5649612,196,484
5669364,100,100
5689116,0,4096
5707872,0,4
5723452,400,64
5742168,9,2304
5760888,36,289
5779612,225,1444
5800400,36,11664
5821208,64,841
5839940,324,1936
5860744,49,324
5879444,121,3600
5900228,36,13689
5921056,484,5929
5941860,1089,64
5961616,1,841
5979292,25,324
5998004,841,3136
6018820,81,1089
6038588,0,0
6054176,64,1764
6073936,0,5476
6092656,49,1
6109296,324,3136
6130100,16,289
6148808,225,81
6167524,25,81
6185220,49,841
6203936,0,2601
6222644,121,5625
6243460,289,4624
6264260,144,1681
6285056,100,625
6304832,36,196
6323536,0,676
6341212,0,784
6358892,9,1
6374500,1,1296
6393220,16,2916
6412980,169,676
6432712,324,3721
6453528,121,8281
6474340,484,144
6494092,169,961
6513860,196,144
6533616,4,784
6551296,256,169
6571064,49,3364
6590836,225,2209
6611604,64,16
6629280,256,1089
6650088,81,324
6668820,81,144
6687536,16,36
6705224,25,36
6722896,0,64
6739532,25,2025
6759284,81,169
6778028,169,1764
6798828,196,2209
6819612,324,256
6839368,4,2304
6858092,1,900
6875764,64,1296
6895528,64,49
6913212,36,36
6930892,36,2601
6950644,36,441
6969380,625,1
6987052,16,289
7005776,0,1156
7024500,0,169
7042176,100,49
7060908,25,625
7079600,49,3025
7099364,256,81
7118096,121,1
7135776,9,64
7152420,0,0
7168024,4,16
7184656,25,625
7203376,25,400
7222092,81,2601
7241856,100,64
7260580,36,1521
7280324,100,1156
7301160,81,1024
7320900,49,289
7339604,121,1225
7360416,1,1296
7379140,169,1225
7399936,0,5184
7418648,324,4624
7439452,81,961
7458180,49,64
7475844,4,441
7493536,36,1296
7513300,25,576
7532020,100,25
7550736,1,289
7568416,25,49
7586120,1,1
7601708,25,100
7620420,0,0
7636024,9,361
7653692,100,484
7673448,4,529
7691124,36,1369
7710896,16,676
7729612,1,900
7747288,49,196
7766028,1,361
7783712,25,400
7802408,16,2304
7822188,121,1849
7842976,100,1444
7863764,196,676
7883532,225,225
7903296,4,2401
7922012,16,6561
7941764,400,324
7961532,121,1521
7982328,169,1764
8003144,121,729
8022896,1,64
8039540,25,576
8058252,0,1681
8076980,1,1764
8095684,100,2116
8116500,144,361
8136260,49,9
8152896,16,169
8171628,4,576
8189308,4,36
8205940,1,64
8222576,16,196
8241304,16,0
8257948,49,121
8276648,16,784
8295372,16,100
8314104,0,81
8330744,4,64
8347380,1,16
8364016,9,1024
8382752,144,1444
8403524,289,2704
8424328,36,3600
8444108,144,576
8463852,169,1
8481540,0,729
8499220,4,100
8516896,25,1089
8536652,0,1024
8555368,81,100
8574088,9,121
8591780,0,1225
8610480,36,3481
8630236,169,6241
8651056,400,1681
8671848,484,64
8690568,16,1369
8710332,49,2916
8730092,49,1369
8749848,121,225
8769620,0,49
8786264,36,1444
8806012,16,2209
8825764,64,676
8844492,9,0
8860084,1,324
8877760,0,1089
8896476,36,576
8915220,49,729
8933940,0,0
8949528,9,81
8966172,1,1369
8984888,0,1024
9003608,81,289
9022332,1,529
9040028,4,144
9057704,16,1369
9077448,4,2304
9096168,36,9
9112808,36,49
9130492,9,529
9148172,1,784
9165856,9,144
9183548,9,1
9199156,25,1
9215768,0,144
9233468,0,25
9250100,4,36
9266728,36,64
9284424,9,100
9302108,9,16
9318736,25,256
9337460,64,1
9354104,0,64
9370756,1,36
9387380,1,36
9404028,0,100
9421680,100,1849
9442492,49,6400
9462252,64,169
9480976,289,3364
9501784,4,5184
9520496,169,2916
9541296,49,169
9560020,64,4
9576664,16,400
9595368,1,841
9613048,49,25
9630752,64,144
9649464,0,49
9666100,1,36
9682740,16,676
9701464,9,81
9718100,0,625
9735788,4,1089
9754492,64,256
9773220,100,49
9791940,1,4
9807544,36,361
9826248,0,4
9841868,25,121
9860584,0,9
9876172,9,36
9892820,4,729
9910496,4,900
9928184,16,324
9946896,0,2025
9965616,25,4096
9985388,256,9
10003052,121,1089
10024896,25,36
10043628,1,1024
10063384,100,1764
10085212,36,400
10104984,36,361
10124744,64,4
10142420,16,81
10161132,4,676
10179852,1,3136
10199616,169,3249
10221456,169,900
10242252,196,1156
10264088,256,576
10284892,144,1089
10306740,0,64
10324408,0,1444
10344176,169,484
10364984,121,4
10383696,0,289
10402408,25,3481
10423200,4,3249
10442976,225,1764
10464808,16,5041
10485612,9,6400
10505380,576,1024
10527220,256,36
10546984,4,289
10565712,16,900
10585456,169,36
10605216,25,361
10624960,169,36
10644744,16,225
10664500,9,2500
10684260,144,49
10704032,4,324
10722724,121,1849
10744576,36,6561
10765376,400,1089
10787228,16,36
10805936,1,4
10822572,36,36
10841308,1,0
10857944,4,64
10875616,25,0
10893284,0,16
10910980,16,4
10928668,16,0
10946340,16,9
10964028,9,4
10980656,0,0
10997292,25,25
11016020,1,1
11032668,1,36
11050336,1,0
11066976,1,4
11083604,0,0
11100256,0,0
11116896,0,0
11133540,9,1
11150176,16,1
11167856,16,4
11185540,64,36
11204256,25,1
11221932,1,1
11238588,9,1
11255216,1,25
11272900,16,25
11291624,1,4
11308268,0,0
11324896,1,9
11341540,4,0
11358172,9,0
11374820,9,1
11391452,25,9
11409136,4,25
11426812,4,0
11443464,1,0
11460096,0,0
11476740,9,64
11494428,25,144
11514188,9,16
11531856,1,16
11549520,16,676
11569296,1,1156
11589064,1,9
11605700,1,25
11623372,25,169
11643144,1,961
11661860,16,841
11681620,25,25
11700344,16,49
11719060,25,9
11736740,9,16
11754416,4,169
11773144,49,196
11792904,4,289
11811612,144,1936
11833464,625,64
11853220,361,676
11874020,25,9
11891684,16,1089
11912500,0,225
11931228,121,484
11952004,0,5184
11971776,0,3136
11991528,324,729
12012328,64,729
12032100,9,17161
12052892,529,7056
12074736,676,144
12095544,9,484
12114256,16,1369
12135056,100,36
12154820,16,4
12172504,49,49
12191212,100,2704
12213044,25,7056
12233852,729,2809
12255688,16,225
12275440,121,0
12294172,16,1764
12314980,4,441
12333700,25,3249
12354484,25,361
12374248,9,6084
12394020,324,1764
12415848,441,1521
12437688,1,5041
12457456,64,225
12477208,256,289
12498016,0,1600
12517780,324,1089
12539612,625,361
12560412,4,4
12577060,1,1444
12596808,25,576
12616560,289,289
12637368,49,841
12657132,1,441
12675840,64,1521
12696648,16,961
12716416,144,144
12737216,64,900
12756956,16,3025
12777776,49,400
12797544,49,16
12816256,121,961
12837060,324,961
12857832,289,441
12878644,81,3025
12899452,4,3844
12919212,196,1444
12941044,100,1089
12962888,36,529
12982660,81,841
13002420,441,169
13023204,529,400
13044016,1,25
13061696,9,64
13079384,49,100
13099144,4,1849
13118876,64,2500
13139684,36,1
13157364,25,1849
13178176,64,3025
13198964,484,196
13219752,100,324
13240572,0,9
13257204,81,2500
13278016,121,1089
13299860,676,676
13320648,1,3600
13340408,256,7921
13362256,169,1849
13384096,625,361
13404884,256,25
13424652,100,4761
13446492,25,8649
13467292,361,361
13488084,144,1936
13509936,25,5776
13530724,81,5184
13551524,676,0
13570268,625,36
13590012,81,100
13609768,324,2116
13631612,25,729
13651372,25,2304
13672164,9,196
13690896,1,3136
13710676,9,400
13729376,121,1225
13751204,1,729
13769936,100,64
13789700,1,81
13807368,9,361
13826100,49,7225
13846892,196,1521
13868736,576,100
13889532,1,81
13907224,9,1600
13926976,169,484
13947776,1,64
13965456,64,3844
13986244,121,7056
14008088,784,81
14027856,1,289
14046580,121,484
14067372,16,2304
14088172,121,144
14108992,169,9
14127696,196,4
14146404,16,961
14166164,324,3249
14188012,81,64
14206728,361,441
14227544,676,3600
14249372,625,841
14270160,121,2209
14292028,4,12321
14312812,441,6724
14334656,400,361
14355448,1,36
14373132,0,729
14391844,25,3600
14412660,0,729
14431380,25,361
14451116,49,2500
14471940,9,225
14490656,100,2304
14512492,1,19600
14533276,441,15129
14556148,1764,5929
14579060,441,576
14599860,625,289
14620648,625,441
14641456,0,1600
14661216,16,49
14679920,169,900
14700732,1,2304
14720480,64,3249
14741288,64,11236
14763136,361,7921
14784976,784,625
14805776,81,225
14825548,16,900
14845304,49,400
14865068,0,49
14882724,289,36
14902508,100,484
14923308,25,16
14942016,4,49
14959696,1,4
14976336,144,1521
14998176,4,1764
15017924,0,0
15034580,256,1
15053296,144,2025
15075128,324,361
15095940,441,676
15116732,0,2401
15136500,144,441
15157296,324,81
15177052,0,1089
15196804,9,64
15214484,4,3600
15234256,4,289
15252968,121,2209
15274808,36,2401
15295616,81,36
15314348,4,169
15333052,100,1296
15354896,9,1764
15374660,25,64
15393380,4,324
15412088,81,361
15431852,0,2304
15451604,225,9
15470332,100,729
15491132,9,1849
15510896,0,625
15529596,4,676
15548320,0,169
15567064,49,81
15585760,0,441
15604488,1,3721
15624264,9,1936
15644032,324,256
15664812,0,81
15682480,16,2704
15703300,361,2809
15725136,225,0
15743864,9,784
15762576,64,4489
15783368,441,5329
15805204,289,5929
15827040,289,5041
15848876,1024,11881
15872816,841,6889
15894652,400,1296
15916488,256,289
15937288,36,1156
15958096,36,2304
15978900,121,400
15999700,1,196
16018412,1,64
16036104,9,529
16054816,81,2401
16075608,289,900
16096412,121,1600
16118256,36,1764
16139068,289,144
16159864,121,4
16178572,9,1296
16198324,36,900
16218084,169,169
16238900,0,25
16256580,9,0
16273216,144,1225
16295068,36,324
16314808,225,169
16335612,289,225
16356428,144,9
16375152,0,25
16392816,361,81
16412572,121,400
16433388,36,169
16453144,1,36
16470812,49,1024
16491616,49,0
16509292,81,4900
16530096,36,49
16548808,169,3364
16570652,36,4489
16591460,196,961
16612252,49,1521
16633056,36,841
16652832,441,49
16672576,36,169
16692352,49,441
16712108,16,16
16730812,1,900
16749520,36,5041
16770336,361,2304
16792180,841,529
16812976,324,576
16833776,81,36
16852504,36,529
16872260,9,784
16890984,9,4
16907604,1,1296
16927352,36,2916
16948152,0,4096
16967928,529,1764
16989772,25,484
17009528,289,8100
17031376,729,196
17052192,100,169
17072988,324,4
17091708,225,225
17112488,225,784
17133284,36,1089
17154092,25,1444
17174892,36,81
17193620,1,169
17212328,9,1
17228972,25,3844
17249768,121,2809
17271616,196,1
17290336,25,625
17310092,16,4096
17330900,144,196
17351712,36,529
17371460,16,441
17391212,4,625
17409928,64,1764
17430736,81,256
17450496,100,0
17469204,49,625
17488972,49,121
17508736,16,529
17528492,16,64
17547196,121,196
17568020,1,1089
17587772,144,1225
17609620,25,324
17629388,9,169
17648096,4,676
17666812,1,0
17683444,81,529
17703212,289,4624
17725060,9,1089
17744808,289,441
17765612,25,121
17785376,36,16
17804088,289,4356
17825924,16,1089
17846728,324,121
17867536,49,0
17885224,0,484
17903940,529,324
17924736,36,4
17942416,0,49
17960100,225,49
17979848,36,4489
18000660,4,10816
18021440,484,25
18041216,441,121
18062004,144,841
18082804,81,4
18100516,400,144
18121296,324,361
18142100,25,121
18161856,225,144
18182660,25,1
18200340,16,961
18220096,169,6084
18241928,225,3136
18263772,289,625
18284572,324,256
18305364,196,784
18326176,1,1089
18345928,49,36
18364660,4,529
18383384,81,4
18401064,9,1936
18420820,0,1369
18440584,16,1
18458264,49,16
18476976,0,25
18494660,49,400
18514408,9,729
18533116,16,169
18552884,25,49
18571608,0,1089
18591380,121,676
18612176,289,0
18630908,64,256
18650656,9,144
18669372,4,16
18687056,36,289
18706828,0,25
18724500,64,841
18744248,9,1156
18764020,169,4
18782748,4,64
18800412,16,400
18820172,9,900
18838900,16,1369
18859696,0,2500
18879448,25,2116
18900260,144,961
18921048,49,4
18938728,49,961
18958496,64,3721
18979292,64,4356
19000092,225,441
19020900,9,576
19039628,100,9
19058340,16,1089
19079132,16,100
19098900,0,225
19117620,169,324
19138416,361,225
19159228,49,289
19178968,16,676
19198740,144,100
19219540,169,81
19239300,0,4
19255940,25,16
19274656,4,36
19292348,25,9
19310020,9,729
19328732,0,841
19347440,121,1156
19369300,400,576
19390096,289,0
19408816,4,2601
19428576,1,9025
19448348,576,1369
19470164,729,225
19490972,0,676
19509696,25,121
19529456,144,100
19550268,1,144
19568976,9,196
19587688,81,196
19607452,1,100
19626188,9,64
19643856,0,16
19661540,1,1
19678172,0,256
19696884,81,64
19715608,9,1225
19735376,225,784
19756176,225,9
19774896,16,1156
19795692,0,4900
19815472,361,1369
19837308,36,1
19854980,1,196
19873692,81,4
19891376,36,81
19910104,1,625
19928820,4,576
19947536,81,64
19966260,121,36
19986020,1,36
20003704,9,121
20022432,0,100
20041144,1,225
20059856,64,16
20078572,9,100
20097300,0,1024
20117052,81,529
20136812,81,64
20155540,4,225
20174260,36,64
20192976,81,81
20211688,0,361
20230424,4,225
20249128,0,1089
20268908,196,64
20288656,196,729
20309448,49,1764
20330272,121,16
20350032,16,676
20369792,169,441
20390584,25,225
20410332,16,4
20428012,400,0
20446752,100,9
20465460,9,16
20483144,1,1
20499780,4,1
20516408,4,4
20533056,4,25
20550740,0,1
20567376,16,0
20585052,9,0
20601696,1,9
20618344,9,25
20636028,1,4
20652656,1,1
20669296,1,1
20685936,0,0
20702584,0,0
20719220,1,1
20735848,0,4
20752504,0,4
20769136,0,0
20785764,0,0
20802420,0,1
20819068,1,1
20835712,0,4
20852336,1,0
20868976,0,0
20885616,0,0
20902256,1,0
20918900,1,1
20935536,1,0
20952176,0,0
20968816,1,0
20985456,1,0
21002092,0,0
21018736,0,0
21035384,4,0
21052024,16,9
21069696,0,16
21087388,1,4
21104016,1,0
21120652,0,1
21137288,0,1
21153932,0,0
21170576,1,0
21187208,0,0
21203856,1,0
21220504,0,0
21237144,1,0
21253776,1,0
21270412,0,0
21287052,0,0
21303696,1,0
21320336,1,0
21336976,1,0
21353616,0,0
21370260,0,1
21386896,0,0
21403540,0,1
21420172,0,0
21436816,1,0
21453456,1,1
21470088,0,0
21486736,0,0
21503388,1,0
21520016,0,0
21536644,0,0
21553292,0,0
21569936,16,0
21587612,169,9
21606332,225,16
21626096,36,4
21643780,4,0
21660416,25,0
21678100,25,1
21695788,16,1
21713456,0,0
21730092,0,0
21746748,1,0
21763376,1,0
21780012,0,0
21796664,9,1
21813292,4,0
21829944,1,0
21846576,0,0
21863220,1,0
21879872,1,0
21896508,25,4
21914180,1,1
21930808,0,0
21947472,9,1
21964108,25,4
21981780,9,1
21998420,0,1
22015052,1,0
22031708,1,1
22048336,1,0
22064972,0,1
22081628,1,0
22098268,9,0
22114896,4,0
22131540,0,0
22148184,4,0
22164824,16,0
22182500,1,1
22199136,4,0
22215780,4,1
22232424,1,0
22249064,9,1
22265692,0,1
22282340,4,0
22298992,4,1
22315616,1,0
22332248,16,0
22349952,4,1
22366584,0,0
22383216,1,0
22399852,1,0
22416492,0,0
22433140,1,0
22449768,0,1
22466416,0,0
22483056,0,0
22499700,0,0
22516340,1,1
22532980,1,1
22549616,0,0
22566260,1,0
22582892,0,1
22599536,0,1
22616188,1,0
22632824,4,1
22649448,0,0
22666100,0,0
22682744,1,1
22699388,1,1
22716016,0,0
22732652,0,0
22749296,0,1
22765940,0,1
22782576,0,0
22799216,0,0
22815860,0,1
22832492,0,0
22849136,1,0
22865780,1,1
22882424,1,1
22899056,0,0
22915696,4,0
22932332,1,0
22948980,4,0
22965620,0,0
22982260,1,0
22998900,0,1
23015532,0,0
23032176,0,0
23048816,1,0
23065460,1,0
23082104,9,0
23098736,4,0
23115380,0,0
23132024,0,0
23148668,0,0
23165292,0,0
23181940,1,0
23198576,0,0
23215220,0,0
23231868,1,0
23248492,1,0
23265136,1,0
23281772,1,0
23298416,1,0
23315060,1,0
23331696,0,0
23348340,0,1
23364984,1,0
23381616,1,0
23398248,0,0
23414896,1,0
23431536,1,0
23448176,1,0
23464820,0,1
23481456,0,0
23498096,0,0
23514736,4,0
23531376,0,0
23548016,0,0
23564652,1,0
23581284,0,0
23597928,0,0
23614576,0,0
23631216,0,0
23647860,1,0
23664496,0,1
23681144,0,0
23697780,0,1
23714416,0,0
23731056,1,0
23747692,0,0
23764336,1,0
23780976,1,0
23797608,4,0
23814256,4,0
23830904,1,0
23847524,0,0
23864164,0,0
23880820,0,1
23897452,0,0
23914088,0,0
23930728,0,1
23947380,0,0
23964016,0,0
23980648,0,0
23997296,0,0
24013936,0,0
24030576,1,0
24047208,0,0
24063848,0,0
24080496,0,0
24097136,1,0
24113768,0,0
24130408,0,0
24147056,0,0
24163700,1,0
24180328,0,0
24196976,0,0
24213616,0,0
24230260,0,1
24246896,0,0
24263536,1,0
24280176,0,0
24296816,1,0
24313456,4,1
24330084,0,0
24346736,0,0
24363376,0,0
24380016,1,0
24396648,0,0
24413296,0,0
24429936,1,4
24446576,0,4
24463216,0,1
24479864,0,0
24496496,0,0
24513132,0,0
24529768,0,0
24546412,0,0
24563052,0,0
24579688,0,1
24596328,0,0
24612976,0,0
24629624,1,0
24646260,0,1
24662888,0,0
24679548,1,1
24696188,4,0
24712808,0,0
24729456,0,1
24746096,0,1
24762736,0,0
24779368,0,0
24796008,0,0
24812664,1,0
24829296,0,0
24845936,0,0
24862576,0,0
24879216,0,0
24895864,1,0
24912492,0,0
24929136,0,0
24945776,0,0
24962416,0,0
24979048,0,0
24995692,1,0
25012332,0,0
25028972,0,0
25045616,1,0
25062248,0,0
25078892,0,0
25095532,0,0
25112164,0,0
25128808,0,0
25145452,0,0
25162096,0,0
25178728,0,0
25195376,1,0
25212024,1,0
25228656,0,0
25245284,0,0
25261928,0,1
25278576,0,0
25295216,1,0
25311860,1,1
25328492,0,0
25345144,0,0
25361776,0,1
25378408,0,0
25395044,0,0
25411696,0,0
25428344,0,0
25444976,1,0
25461612,1,0
25478256,0,0
25494900,0,0
25511528,0,0
25528168,0,0
25544812,0,0
25561452,0,0
25578088,0,0
25594728,0,0
25611376,0,1
25628020,0,1
25644648,0,1
25661284,0,0
25677936,0,0
25694576,0,0
25711220,0,1
25727856,0,1
25744496,0,0
25761136,0,0
25777776,0,0
25794408,0,0
25811056,0,0
25827696,0,0
25844336,1,0
25860972,0,0
25877616,0,0
25894264,1,0
25910896,1,0
25927536,1,0
25944176,1,0
25960816,0,0
25977452,0,0
25994084,0,0
26010732,0,0
26027376,0,0
26044012,0,0
26060660,0,0
26077304,0,0
26093944,1,0
26110568,0,0
26127220,1,1
26143864,1,0
26160492,0,0
26177136,1,0
26193776,1,0
26210424,1,0
26227056,0,0
26243688,0,0
26260332,0,1
26276976,0,1
26293612,0,0
26310244,0,0
26326888,0,0
26343536,0,0
26360176,0,0
26376808,0,0
26393452,0,0
26410092,0,0
26426736,0,0
26443364,0,0
26460008,0,0
26476656,0,0
26493292,0,0
26509928,0,0
26526568,0,0
26543216,0,0
26559852,0,0
26576488,0,0
26593124,0,0
26609780,0,1
26626424,1,0
26643044,0,0
26659688,0,1
26676332,0,0
26692972,0,0
26709616,0,0
26726244,0,0
26742892,0,0
26759532,0,0
26776168,0,0
26792808,0,0
26809456,0,0
26826096,0,1
26842740,0,1
26859380,1,1
26876016,0,1
26892660,0,1
26909296,0,1
26925932,1,0
26942580,0,1
26959216,0,0
26975848,0,0
26992496,0,0
27009136,0,0
27025780,0,0
27042404,0,0
27059044,0,0
27075696,0,0
27092344,1,0
27108980,0,0
27125612,0,0
27142264,1,0
27158904,0,0
27175536,0,0
27192172,0,0
27208824,1,0
27225456,0,0
27242088,0,0
27258728,0,0
27275380,0,1
27292012,0,0
27308660,0,0
27325304,1,0
27341940,0,0
27358576,0,1
27375216,0,0
27391848,0,0
27408492,1,0
27425132,0,0
27441768,0,0
27458404,0,0
27475052,1,0
27491696,0,0
27508336,0,0
27524964,0,0
27541612,0,0
27558256,1,0
27574900,0,0
27591536,0,0
27608176,0,0
27624816,0,0
27641456,0,0
27658096,0,0
27674736,0,0
27691372,0,0
27708008,0,0
27724648,0,0
27741292,0,0
27757948,1,0
27774568,0,0
27791208,0,0
27807852,0,0
27824492,0,0
27841136,0,0
27857768,1,0
27874416,0,0
27891052,0,0
27907688,0,0
27924328,0,0
27940976,0,0
27957620,1,0
27974252,0,0
27990888,0,1
28007540,0,1
28024180,0,0
28040812,0,1
28057460,0,0
28074108,0,0
28090732,0,0
28107368,0,0
28124008,0,0
28140660,0,0
28157296,0,0
28173924,0,0
28190568,0,0
28207212,1,0
28223856,0,0
28240500,0,1
28257136,1,1
28273772,0,0
28290416,0,0
28307052,1,0
28323684,0,0
28340332,0,0
28356972,0,0
28373608,0,1
28390248,0,0
28406896,1,0
28423536,0,0
28440168,0,0
28456816,1,0
28473456,0,0
28490096,0,0
28506736,0,1
28523376,0,1
28540012,0,0
28556652,0,0
28573296,1,0
28589928,0,0
28606576,1,0
28623212,0,0
28639856,0,0
28656500,0,0
28673136,0,1
28689776,0,4
28706408,0,1
28723044,0,0
28739696,0,0
28756344,0,0
28772972,1,0
28789604,0,0
28806252,0,0
28822896,0,0
28839540,1,0
28856176,0,0
28872816,0,0
28889464,1,0
28906096,0,0
28922728,0,0
28939376,0,0
28956016,0,0
28972648,0,0
28989300,1,0
29005936,0,0
29022576,0,0
29039216,0,0
29055856,1,0
29072496,0,1
29089136,0,0
29105764,0,0
29122408,0,0
29139056,0,0
29155696,0,0
29172324,0,0
29188976,1,0
29205612,0,0
29222256,0,0
29238884,0,0
29255528,0,0
29272184,1,0
29288816,0,0
29305444,0,0
29322088,0,1
29338736,0,0
29355376,0,1
29372008,0,0
29388648,0,1
29405292,0,0
29421936,0,0
29438568,0,0
29455212,0,0
29471852,0,0
29488496,0,1
29505132,0,0
29521768,0,0
29538416,0,0
29555060,0,0
29571692,0,0
29588336,0,0
29604980,0,0
29621612,0,0
29638248,0,0
29654892,0,1
29671536,0,0
29688176,0,0
29704816,0,0
29721452,0,0
29738096,0,0
29754736,1,0
29771368,0,1
29788016,1,0
29804656,1,0
29821304,1,0
29837936,1,0
29854564,0,0
29871220,0,1
29887864,0,0
29904488,0,0
29921128,0,1
29937776,0,0
29954412,0,0
29971048,0,0
29987696,0,0
30004332,0,0
30020976,0,0
30037620,1,0
30054252,0,0
30070900,0,1
30087536,0,0
30104176,0,0
30120808,0,0
30137456,0,0
30154092,0,0
30170736,1,0
30187368,0,0
30204012,0,0
30220656,0,0
30237300,1,0
30253936,0,0
30270572,0,0
30287212,0,0
30303856,0,0
30320488,0,0
30337136,0,0
30353776,0,0
30370404,0,0
30387052,0,0
30403704,1,1
30420336,1,0
30436976,9,0
30453612,0,1
30470260,16,1
30487936,25,1
30505620,324,4
30524340,36,16
30543060,196,1
30561780,144,9
30580508,1,0
30597132,25,0
30614816,4,0
30631468,0,1
30648096,1,0
30664748,16,4
30682416,49,0
30700088,16,0
30717768,1,1
30734424,0,1
30751056,0,0
30767688,1,0
30784328,0,0
30800980,1,1
30817628,4,1
30834260,0,0
30850904,1,0
30867540,0,1
30884184,0,0
30900816,1,0
30917456,1,0
30934108,4,0
30950752,121,0
30969452,256,1
30988184,64,1
31005868,4,1
31022512,49,9
31040180,16,4
31057856,0,1
31074492,0,0
31091128,0,0
31107768,0,0
31124408,0,0
31141052,0,0
31157688,0,0
31174332,0,1
31190964,0,4
31207624,1,0
31224252,1,0
31240900,0,4
31257532,1,4
31274188,0,1
31290820,9,1
31307460,36,1
31325124,16,0
31342812,0,0
31359456,0,0
31376084,1,0
31392732,0,0
31409388,1,0
31426016,0,0
31442652,0,1
31459292,1,1
31475940,1,1
31492568,0,4
31509208,1,4
31525856,1,1
31542492,0,0
31559136,1,0
31575764,0,0
31592412,0,1
31609056,0,0
31625692,1,0
31642340,1,1
31658972,4,1
31675624,1,0
31692244,0,0
31708884,0,0
31725520,0,0
31742172,0,0
31758816,0,1
31775452,0,1
31792092,0,0
31808736,0,0
31825368,0,0
31842008,0,0
31858640,0,0
31875296,0,0
31891940,0,1
31908576,0,0
31925204,0,1
31941856,0,0
31958488,0,0
31975136,1,0
31991768,0,0
32008412,0,0
32025048,0,1
32041688,0,0
32058328,0,0
32074976,0,0
32091612,0,0
32108244,0,0
32124880,0,0
32141540,0,1
32158176,0,1
32174812,0,1
32191444,1,0
32208092,0,0
32224724,0,0
32241364,0,0
32258000,0,0
32274656,0,0
32291296,1,0
32307928,0,0
32324560,0,0
32341216,0,0
32357852,0,0
32374484,0,0
32391132,0,1
32407776,0,1
32424408,0,0
32441048,0,1
32457680,0,0
32474348,1,0
32490980,0,0
32507616,0,0
32524240,0,0
32540896,0,0
32557536,1,0
32574164,0,0
32590800,0,0
32607456,0,0
32624096,0,1
32640728,0,1
32657372,0,0
32674016,1,0
32690648,0,1
32707288,0,1
32723920,0,0
32740576,0,0
32757216,0,0
32773860,0,1
32790496,0,1
32807136,0,1
32823776,0,0
32840416,0,0
32857040,0,0
32873692,1,0
32890332,0,0
32906968,0,0
32923612,0,1
32940256,0,0
32956896,0,0
32973532,0,1
32990164,0,1
33006816,0,1
33023444,0,0
33040084,0,0
33056720,0,0
33073372,0,0
33090012,1,0
33106644,0,0
33123280,0,0
33139932,1,0
33156576,1,0
33173212,0,0
33189848,0,1
33206496,1,0
33223136,1,0
33239768,1,0
33256400,0,0
33273052,0,0
33289688,1,0
33306328,0,0
33322972,0,0
33339616,0,0
33356244,0,0
33372896,0,1
33389520,0,0
33406180,0,1
33422816,0,0
33439448,0,0
33456080,0,0
33472736,0,0
33489376,1,0
33506016,1,0
33522648,0,0
33539296,0,0
33555936,0,0
33572564,0,0
33589200,0,0
33605856,0,0
33622496,1,0
33639136,0,0
33655768,0,0
33672424,0,0
33689048,1,0
33705696,1,0
33722328,0,0
33738976,0,0
33755608,0,4
33772256,0,4
33788880,0,0
33805532,1,0
33822172,0,1
33838820,1,0
33855452,1,1
33872096,0,0
33888728,4,0
33905368,9,0
33922008,1,0
33938652,0,0
33955284,0,0
33971928,0,0
33988560,0,0
34005212,1,0
34021848,1,0
34038488,0,0
34055120,0,0
34071772,0,0
34088416,1,0
34105060,1,1
34121692,1,0
34138336,0,0
34154972,0,0
34171616,0,1
34188252,0,1
34204892,0,0
34221528,0,0
34238168,0,1
34254808,0,0
34271464,1,0
34288100,0,1
34304732,0,1
34321364,0,1
34338020,0,1
34354656,0,0
34371300,1,0
34387932,4,0
34404576,0,1
34421220,0,0
34437856,0,0
34454484,0,1
34471136,0,0
34487768,0,0
34504420,0,0
34521052,0,1
34537696,0,0
34554328,0,0
34570976,0,0
34587608,1,0
34604252,0,0
34620896,1,0
34637528,0,0
34654164,0,0
34670816,0,0
34687444,0,0
34704088,0,0
34720720,0,0
34737380,0,0
34754020,4,0
34770648,4,0
34787284,0,1
34803932,0,0
34820564,0,0
34837220,0,1
34853844,0,0
34870500,0,1
34887136,0,0
34903764,0,0
34920400,0,0
34937056,0,0
34953696,1,0
34970328,0,0
34986972,1,0
35003612,0,0
35020248,0,0
35036888,0,0
35053524,0,0
35070180,1,0
35086816,1,0
35103460,4,0
35120080,0,0
35136736,0,1
35153368,0,0
35170016,1,0
35186640,0,0
35203304,1,0
35219936,0,0
35236580,1,1
35253200,0,0
35269856,0,0
35286496,0,0
35303128,0,0
35319760,0,0
35336416,0,0
35353056,0,0
35369684,0,0
35386320,0,0
35402976,0,0
35419608,0,0
35436256,1,0
35452880,0,0
35469536,0,0
35486164,1,0
35502816,1,0
35519452,0,0
35536104,1,0
35552740,0,0
35569376,0,0
35586000,0,0
35602656,1,0
35619292,0,0
35635932,1,0
35652572,1,1
35669224,1,0
35685844,0,0
35702484,0,0
35719128,1,0
35735780,1,0
35752416,1,0
35769060,1,0
35785688,0,0
35802336,1,0
35818968,0,0
35835608,0,0
35852240,0,0
35868896,0,1
35885528,0,1
35902176,0,0
35918804,0,1
35935452,0,0
35952088,0,1
35968736,0,0
35985368,0,0
36002012,1,0
36018648,0,0
36035296,1,0
36051928,1,0
36068576,0,0
36085208,0,0
36101848,0,0
36118480,0,0
36135140,1,0
36151776,1,0
36168408,0,1
36185044,0,1
36201692,0,0
36218328,0,0
36234968,0,0
36251612,0,1
36268252,0,0
36284888,0,0
36301536,0,1
36318160,0,0
36334824,1,1
36351452,0,0
36368084,0,0
36384720,0,0
36401376,0,0
36418004,0,0
36434648,0,0
36451288,0,0
36467936,0,0
36484568,0,0
36501216,0,0
36517840,0,0
36534496,0,0
36551136,0,1
36567772,0,1
36584408,1,0
36601068,0,1
36617696,1,0
36634336,0,0
36650960,0,0
36667624,1,0
36684256,1,0
36700888,0,0
36717520,0,0
36734176,0,0
36750808,0,1
36767448,0,0
36784084,0,1
36800732,0,0
36817364,1,0
36834012,1,0
36850652,1,0
36867308,1,0
36883928,0,0
36900576,0,4
36917200,0,1
36933852,0,0
36950496,0,1
36967140,0,1
36983772,1,1
37000420,0,0
37017056,1,0
37033696,0,0
37050328,0,1
37066980,0,0
37083616,0,0
37100256,0,0
37116880,0,0
37133536,0,0
37150168,0,0
37166816,0,0
37183452,0,1
37200096,0,0
37216728,0,1
37233376,0,0
37250000,0,0
37266656,0,1
37283284,0,1
37299936,0,0
37316568,1,0
37333228,1,0
37349852,0,0
37366500,0,0
37383128,1,0
37399772,0,0
37416404,0,0
37433056,0,0
37449688,1,1
37466332,1,0
37482976,0,0
37499608,0,0
37516240,0,0
37532896,0,0
37549524,0,0
37566168,0,0
37582800,0,0
37599456,0,0
37616096,0,0
37632728,1,0
37649372,0,0
37666020,1,0
37682648,0,0
37699296,0,0
37715928,0,0
37732572,0,0
37749212,0,1
37765852,0,0
37782496,1,0
37799132,0,0
37815772,1,0
37832416,1,0
37849044,0,0
37865700,0,1
37882332,0,0
37898968,0,0
37915600,0,0
37932264,1,0
37948896,1,0
37965528,0,0
37982164,0,1
37998820,0,1
38015456,0,0
38032096,4,0
38048728,1,0
38065384,0,0
38082008,0,0
38098656,0,1
38115292,0,0
38131940,1,0
38148564,0,0
38165204,0,0
38181840,0,0
38198500,1,0
38215136,0,1
38231764,0,0
38248412,1,0
38265052,0,0
38281688,0,0
38298336,0,0
38314964,0,1
38331612,0,0
38348248,1,0
38364888,0,0
38381520,0,0
38398176,0,0
38414808,0,0
38431444,0,0
38448084,0,1
38464740,0,1
38481376,0,0
38498008,0,0
38514652,1,0
38531296,1,0
38547932,4,1
38564572,1,0
38581200,0,0
38597856,0,0
38614488,0,0
38631128,0,0
38647768,1,0
38664416,0,0
38681044,0,0
38697688,0,0
38714320,0,0
38730976,0,0
38747616,0,1
38764252,0,0
38780880,0,0
38797536,0,0
38814180,0,1
38830816,0,0
38847440,0,0
38864092,0,0
38880724,0,0
38897372,0,1
38913996,0,0
38930656,0,0
38947284,0,0
38963928,0,0
38980568,1,0
38997216,0,0
39013844,0,0
39030488,0,0
39047124,0,0
39063776,1,0
39080408,1,0
39097048,0,0
39113692,0,0
39130340,0,1
39146968,0,0
39163616,1,0
39180252,0,0
39196904,0,0
39213528,0,0
39230180,1,0
39246808,0,0
39263452,0,0
39280096,1,0
39296736,0,0
39313368,0,0
39330016,1,0
39346648,0,0
39363296,1,0
39379920,0,0
39396576,0,0
39413212,0,1
39429856,0,0
39446484,0,1
39463140,0,4
39479776,1,1
39496412,0,1
39513048,0,0
39529696,0,1
39546332,0,1
39562968,0,0
39579608,1,0
39596256,0,0
39612896,1,0
39629536,0,1
39646172,1,0
39662816,1,0
39679448,0,1
39696096,1,4
39712732,1,0
39729376,0,1
39746012,0,0
39762656,1,0
39779288,1,1
39795936,0,0
39812576,1,0
39829216,0,0
39845840,0,0
39862492,0,0
39879140,1,0
39895772,0,1
39912416,0,1
39929064,1,0
39945696,1,0
39962324,0,0
39978960,0,0
39995616,1,0
40012244,0,0
40028896,0,0
40045524,0,0
40062176,0,0
40078812,0,1
40095456,0,1
40112080,0,0
40128740,0,1
40145376,1,0
40162012,1,0
40178648,0,0
40195304,1,0
40211936,1,0
40228576,1,0
40245200,0,0
40261852,1,0
40278496,1,1
40295136,1,0
40311772,1,1
40328412,1,0
40345044,0,0
40361688,0,0
40378328,0,0
40394976,1,0
40411616,1,1
40428260,1,1
40444892,1,1
40461536,0,0
40478172,0,0
40494804,0,0
40511440,1,0
40528096,4,0
40544736,4,0
40561376,0,0
40578008,1,0
40594664,4,1
40611296,4,0
40627928,4,0
40644584,1,9
40661232,16,1
40678900,64,4
40696580,36,9
40714268,16,4
40731936,16,0
40749608,9,9
40766252,25,1
40783948,0,1
40800584,81,144
40820328,441,144
40841132,144,25
40860908,1,81
40878576,25,9
40896260,1,9
40912892,256,289
40933696,324,169
40954500,25,4
40972176,100,49
40991932,49,576
41011688,529,361
41032492,3025,16
41053292,3249,49
41074088,1225,36
41094888,2304,64
41115700,1764,169
41137540,9,49
41155216,169,324
41176000,1024,169
41197864,1,36
41215540,900,1
41234260,36,0
41251944,4,64
41269624,1,25
41287288,64,0
41304976,36,36
41323700,289,9
41342416,121,361
41363216,169,169
41384032,49,9
41401716,100,25
41421456,4,9
41438096,25,16
41456836,49,1
41474508,576,64
41494252,81,64
41512984,144,121
41533784,100,25
41553536,1,64
41571224,1,0
41587864,144,49
41607612,9,100
41626328,289,64
41646112,4,49
41663780,361,0
41682492,289,49
41702260,4,9
41718908,9,0
41735544,529,0
41754260,289,9
41772976,81,4
41790680,4,1
41807300,16,9
41824972,4,16
41842664,49,25
41861384,9,25
41879068,49,25
41897788,1,0
41914436,25,25
41933144,16,9
41950824,196,4
41969540,1,64
41987208,1225,49
42008008,1600,16
42028816,529,1
42047540,196,36
42067296,196,36
42087056,1,0
42103692,81,4
42121392,16,1
42139060,4,25
42156740,64,49
42175456,9,1
42192104,36,9
42209780,36,1
42227456,16,64
42246196,9,100
42264904,9,81
42282580,64,25
42301296,16,36
42320028,0,49
42337712,36,1
42355380,256,4
42374092,324,25
42393868,121,25
42413620,0,144
42432336,25,36
42451068,100,9
42469776,289,25
42489536,144,100
42510340,36,25
42529080,36,1
42546748,16,100
42566484,25,361
42586264,0,36
42603940,121,1
42622664,36,4
42640332,0,0
42656980,9,4
42673616,0,9
42690244,324,64
42710004,100,16
42729788,1,81
42747472,0,4
42764096,49,169
42783864,36,25
42802584,9,9
42819216,25,16
42837924,36,25
42856664,1,64
42874340,9,1
42890980,81,16
42909684,81,16
42928416,9,0
42945068,1,9
42961696,16,0
42979388,64,0
42997072,64,1
43014744,81,16
43033460,361,36
43053220,289,49
43072972,49,25
43091696,4,4
43108336,36,36
43127052,196,100
43147860,49,36
43166576,1,9
43183216,25,0
43200908,49,0
43218576,4,0
43235208,25,4
43252908,49,64
43271616,9,169
43290340,0,256
43309056,9,169
43327792,25,36
43346492,100,49
43366252,100,49
43386020,4,36
43403700,36,36
43422428,25,16
43441132,144,81
43460900,36,25
43479628,9,25
43497296,36,4
43514984,9,0
43531616,25,0
43549300,121,4
43568024,0,16
43585716,196,4
43604420,81,49
43623128,4,196
43641860,0,4
43658512,100,16
43678260,225,16
43698012,16,36
43716748,64,4
43734428,9,9
43751060,1,4
43767684,64,49
43786416,25,9
43804088,9,0
43820740,36,4
43838408,49,64
43857148,225,25
43876908,81,4
43894580,25,1
43912268,0,36
43929940,9,121
43948652,36,25
43967380,64,49
43986096,289,289
44006900,121,100
44027700,36,121
44047468,9,225
44066184,289,36
44085936,1156,36
44106728,441,25
44126512,25,4
44144180,576,9
44162888,484,4
44181616,4,1
44198252,9,0
44214900,1,1
44231540,9,1
44248188,49,81
44266900,484,121
44287692,225,81
44307444,1,81
44325148,0,225
44343848,400,144
44364652,729,144
44385464,25,400
44405216,49,25
44423940,529,1
44442664,64,25
44461392,1,25
44479056,256,0
44497772,1296,9
44517536,1156,36
44538332,361,0
44557060,324,0
44575776,64,25
44594504,81,49
44613220,361,9
44631932,64,9
44649624,36,1
44667312,25,0
44684984,1,4
44701612,9,4
44718260,4,1
44734888,16,0
44752584,9,9
44769212,196,9
44787940,196,81
44807708,81,4
44825380,25,1
44843068,36,9
44860740,196,49
44880500,196,16
44900252,64,16
44918988,9,9
44935620,4,1
44952260,0,0
44968892,0,0
44985544,4,0
45002180,64,1
45019860,49,0
45037540,1,9
45054184,64,0
45071860,169,16
45091616,0,25
45109308,9,36
45126984,4,9
45143624,16,1
45161296,36,9
45178984,49,16
45197700,169,0
45216424,64,1
45234104,9,9
45250748,16,9
45268420,1,4
45285064,25,0
45302736,121,0
45321468,64,16
45340188,9,0
45356820,4,0
45373460,25,9
45391140,1,49
45408820,1,49
45426496,361,121
45447296,784,16
45467060,25,49
45485768,121,49
45505532,121,49
45525300,36,16
45544020,36,4
45561696,81,25
45580428,16,1
45598096,400,0
45616808,1369,9
45636564,576,0
45655296,16,16
45674024,196,144
45694820,324,16
45714576,36,4
45732256,0,4
45748900,25,4
45766552,324,121
45787380,144,36
45807152,169,9
45825852,144,64
45845628,36,16
45864348,225,9
45883068,9,0
45899688,81,0
45917380,0,1
45934020,121,4
45952740,16,4
45970416,121,1
45989156,9,4
46005780,225,25
46025528,144,4
46044272,0,121
46062992,64,25
46081704,4,0
46098336,9,9
46114980,121,16
46134736,225,4
46153456,25,1
46171144,9,100
46189868,121,121
46210660,121,16
46230420,25,16
46249152,16,4
46266828,49,9
46284500,256,4
46303204,25,25
46321944,121,1
46340660,324,1
46359372,36,4
46377064,49,49
46395788,144,36
46415536,100,16
46435296,25,1
46452980,36,1
46470660,4,0
46487304,100,100
46508100,81,196
46527868,25,16
46546572,121,1
46565292,196,4
46584028,49,0
46601696,64,1
46619376,49,1
46637052,1,0
46653708,4,1
46670344,0,1
46686988,4,9
46703620,1,9
46720264,9,169
46738980,25,121
46758744,1,16
46776428,0,1
46793068,9,4
46809700,16,4
46827368,9,0
46844020,64,9
46861708,64,0
46879376,49,25
46898084,324,16
46917860,100,0
46936584,16,1
46954268,64,36
46972988,625,16
46992740,841,0
47011460,100,1
47030176,64,4
47047860,625,0
47066576,289,25
47086344,4,9
47102972,1,4
47119624,9,0
47136248,196,0
47154984,4,0
47171620,324,4
47190348,225,4
47209060,4,1
47225688,81,4
47243380,100,16
47263152,16,36
47281860,36,0
47299544,144,0
47318272,36,4
47335936,1,25
47353608,64,9
47371296,9,49
47388980,16,25
47407700,0,49
47425392,1,9
47442024,0,25
47459708,1,36
47477376,289,25
47497120,484,81
47516904,25,9
47534580,25,9
47552256,9,1
47568892,9,0
47585548,36,16
47604268,4,49
47621936,4,81
47639620,25,100
47659380,1,25
47677060,16,4
47694736,36,0
47712420,0,1
47729056,4,9
47745692,4,1
47762332,25,25
47781068,49,64
47799776,25,64
47818496,25,36
47837220,9,9
47853860,81,1
47871540,25,1
47889224,0,1
47905860,36,36
47924588,16,25
47943300,36,9
47960980,169,4
47979708,49,4
47997380,1,1
48014016,1,4
48030652,36,1
48048348,81,1
48066024,4,4
48082652,1,0
48099288,9,0
48115944,16,0
48133620,16,16
48152332,0,100
48171072,16,9
48188740,9,1
48205380,0,16
48223064,4,49
48240740,324,9
48259464,144,1
48278192,1,1
48294812,0,16
48312496,49,121
48332264,169,4
48350976,64,16
48369696,25,0
48387388,1,4
48404028,1,1
48420660,36,64
48439384,121,25
48459148,25,4
48476820,64,1
48494496,1,1
48511144,0,4
48527780,64,0
48545456,0,81
48563132,9,25
48580828,49,1
48598500,81,9
48616176,100,1
48634912,64,9
48652588,36,4
48670260,0,16
48687948,4,1
48704584,4,0
48721220,100,0
48739940,196,0
48758652,16,16
48777388,81,36
48796108,81,100
48815848,169,121
48836664,729,16
48856424,529,49
48876184,64,4
48893848,0,49
48911532,16,64
48930256,25,16
48948976,9,0
48965608,64,0
48983304,81,1
49000992,49,4
49018664,144,64
49038424,144,4
49057140,16,1
49074808,16,1
49092500,144,1
49111236,100,4
49129940,196,0
49148660,529,0
49167392,289,9
49186104,64,16
49204828,1,16
49222500,4,100
49241220,25,289
49260984,324,64
49280736,225,4
49299452,64,1
49317140,36,0
49334820,256,64
49354580,1444,4
49374340,625,49
49394088,64,1
49411776,16,0
49429444,225,4
49448176,81,0
49465852,49,9
49483528,64,25
49502264,9,4
49518896,36,64
49537612,225,25
49557372,16,169
49577144,0,169
49595860,289,16
49615620,169,36
49635388,9,0
49652028,4,36
49669700,0,4
49686336,100,0
49705056,25,16
49723792,4,49
49741464,64,16
49760172,16,4
49777868,16,4
49795544,36,4
49813220,36,0
49830896,144,1
49849620,169,0
49868336,36,16
49887052,225,36
49906820,441,36
49926580,0,100
49945288,256,64
49965060,100,1
49983776,25,16
50002496,16,0
50020180,9,0
50036828,4,4
50053468,81,25
50072168,25,81
50090904,1,1
50107548,196,1
50126260,900,25
50146012,676,16
50165784,121,1
50184500,49,1
50202180,100,1
50220912,1,1
50237552,36,9
50255236,9,9
50271860,1,4
50288500,9,0
50305140,36,4
50322828,0,49
50340500,36,4
50358184,64,49
50376908,49,9
50394580,0,25
50412256,64,361
50432028,676,441
50452816,169,81
50472580,9,16
50490264,36,64
50508988,576,49
50528740,324,0
50547468,4,1
50564100,0,1
50580736,1,4
50597372,0,1
50614008,4,25
50631696,64,64
50650416,121,196
50671220,144,0
50689936,25,81
50708668,9,81
50726348,1,1
50742976,1,0
50759612,1,0
50776268,1,0
50792908,1,1
50809540,0,4
50826172,4,9
50842828,9,16
50860496,16,4
50878180,9,49
50895852,1,49
50913528,1225,324
50935372,2116,1024
50958248,100,625
50979060,144,729
50999860,529,625
51020664,36,4
51038348,169,25
51058104,0,9
51074732,225,0
51093456,961,144
51114276,9,64
51131948,324,49
51151692,36,64
51170424,361,0
51189148,169,49
51208900,225,16
51228644,1156,64
51249456,1444,441
51271300,100,361
51292092,25,169
51311868,1,16
51329544,16,64
51348264,441,9
51366984,576,169
51387784,256,81
51407532,1225,0
51427292,1600,81
51448104,225,169
51468904,324,64
51488660,1296,36
51509468,324,144
51530260,100,576
51551060,400,256
51571864,49,4
51589548,1,9
51606180,4,0
51622812,441,9
51641540,1681,1
51661292,400,9
51680008,49,16
51698744,0,16
51716436,36,64
51735144,0,25
51752820,0,256
51771548,121,49
51791296,36,0
51808980,4,0
51825624,0,4
51842268,1,25
51859936,4,49
51877620,81,81
51896336,49,81
51915060,0,81
51932736,4,64
51950420,9,4
51967064,1,4
51983716,1,16
52001380,9,9
52018016,196,49
52037776,1089,1
52057528,441,16
52077296,36,0
52094980,36,0
52112656,169,36
52132416,81,64
52151136,0,25
52168820,36,81
52187540,100,256
52208336,49,16
52227052,16,16
52245780,196,25
52265540,25,16
52284260,64,1
52301936,36,4
52319616,4,16
52337288,0,64
52354972,4,4
52371624,49,0
52389296,81,64
52408024,1,49
52425696,121,1
52444424,529,1
52463140,361,1
52481852,81,16
52500580,0,64
52518268,100,64
52538020,64,0
52555700,64,1
52573384,64,0
52591052,121,36
52610820,144,81
52630592,25,1
52648272,81,9
52665940,0,16
52683616,16,64
52702336,100,0
52721056,64,9
52738736,49,25
52757440,36,81
52776180,25,1
52793860,4,16
52811540,16,1
52829224,1,9
52845868,4,36
52863536,81,4
52881228,100,1
52899952,4,1
52916584,144,49
52936340,324,36
52956084,169,1
52974828,36,16
52993536,1,64
53011220,9,25
53028904,1,0
53045544,25,0
53063216,0,16
53080892,81,16
53099628,121,1
53118336,16,9
53136016,36,49
53154724,225,81
53174504,81,1
53192176,16,25
53210896,49,49
53229640,9,16
53247304,0,25
53264976,0,81
53282668,4,36
53300336,81,0
53318024,256,25
53337764,324,144
53358576,100,9
53377308,0,9
53393948,196,9
53412660,196,36
53432432,25,1
53450112,4,4
53466728,100,49
53486488,64,36
53505220,441,81
53524968,1849,49
53545772,2601,289
53567616,2116,625
53589452,49,361
53609216,900,144
53630024,324,36
53649788,196,144
53670584,1,16
53688252,25,16
53706988,64,36
53725704,0,36
53743376,0,121
53762104,0,16
53779788,49,81
53798492,64,289
53818256,625,121
53839064,169,0
53857780,25,1
53875460,64,49
53894180,81,1
53911852,729,289
53932660,121,121
53953456,36,4
53971144,9,9
53987780,16,0
54005452,16,25
54024172,25,16
54042912,64,9
54060588,0,4
54077216,9,4
54093864,9,100
54112592,0,361
54131308,49,144
54151064,0,49
54168740,121,324
54189532,64,100
54209292,36,25
54228020,9,1
54244664,0,0
54261312,9,9
54277952,25,16
54296664,1,49
54314348,81,9
54332020,100,1
54350736,4,4
54367388,49,100
54387132,49,289
54406900,1,81
54424568,4,25
54442268,1,25
54459960,9,1
54476572,9,9
54493228,9,4
54509860,100,16
54529620,169,49
54549380,81,16
54568112,9,144
54586824,0,169
54605540,25,9
54623212,16,0
54640908,16,0
54658580,0,4
54675208,36,25
54693936,9,9
54710584,1,1
54727212,9,1
54743852,25,4
54761544,9,16
54779224,0,1
54795856,9,0
54812496,4,4
54829136,25,0
54846828,4,1
54863456,4,0
54880096,1,16
54897780,0,4
54914420,1,4
54931056,16,1
54948740,16,16
54967460,1,1
54984100,4,9
55000736,4,36
55018412,1,16
55036108,0,0
55052736,4,4
55069376,49,64
55088080,49,100
55107860,16,16
55126580,1,1
55143216,4,0
55159864,1,9
55176500,36,16
55195220,121,81
55214980,25,1
55232668,0,0
55249304,0,0
55265936,0,0
55282576,1,4
55299216,0,0
55315868,9,36
55333548,9,16
55351212,1,0
55367868,0,1
55384512,1,1
55401148,4,0
55417776,36,9
55435460,4,64
55453128,9,49
55470820,16,1
55488492,1,1
55505152,16,1
55522820,1,4
55539460,1,4
55556092,16,4
55573776,25,0
55591472,1,1
55608112,9,16
55625784,4,25
55643476,4,4
55660100,36,9
55677776,64,100
55697536,9,36
55715220,0,0
55731848,1,4
55748500,4,36
55766184,1,0
55782816,16,9
55800500,16,1
55818172,4,1
55834824,25,0
55852512,4,64
55870180,0,144
55888896,16,25
55907632,9,1
55924264,16,64
55942980,0,100
55961696,49,0
55979388,36,0
55997052,16,4
56014740,0,4
56031384,0,4
56048028,25,1
56065704,64,1
56083372,36,36
56102112,16,1
56119780,64,16
56138504,81,0
56156176,25,0
56173868,49,4
56191528,81,4
56209232,36,16
56227948,0,49
56245624,1,9
56262252,81,25
56280984,256,169
56301780,81,64
56320492,9,1
56337140,4,4
56353776,36,16
56372516,121,1
56391216,225,9
56409936,25,0
56427628,9,4
56444260,64,16
56462980,36,1
56480660,1,25
56498348,4,0
56514984,49,196
56534736,49,144
56554492,0,0
56571152,121,4
56589868,225,0
56608576,0,25
56626260,64,25
56644984,25,0
56662660,1,9
56679308,9,4
56695952,36,16
56714652,25,0
56732332,36,1
56750012,16,0
56767708,1,9
56784328,144,25
56804088,100,0
56822828,4,16
56840508,16,0
56858176,0,0
56874816,1,4
56891464,0,9
56908108,1,9
56924732,0,4
56941368,0,16
56959056,4,0
56975704,1,16
56993372,16,25
57012100,4,0
57028748,9,16
57046428,4,0
57063060,0,4
57079704,1,4
57096336,0,9
57112980,4,1
57129628,9,25
57147308,9,1
57163944,4,4
57180584,49,36
57199292,100,121
57220100,4,25
57237788,81,25
57256500,16,9
57274176,4,25
57291868,1,36
57309556,0,0
57326192,1,9
57342812,64,9
57360496,121,16
57380256,9,36
57397936,1,9
57414576,9,4
57431224,4,0
57447856,81,25
57466584,196,4
57485296,25,1
57502976,4,0
57519612,0,1
57536256,0,49
57553940,25,9
57571616,81,4
57589300,9,1
57605932,0,25
57623620,1,9
57640264,1,4
57656896,1,4
57673532,16,25
57692260,25,81
57710988,1,4
57727620,0,64
57745300,1,196
57764020,49,100
57783776,100,2116
57805624,25,1296
57826428,1,256
57845144,25,1
57862824,25,225
57882576,1,9
57899220,100,529
57920032,1,484
57938728,36,289
57958508,16,121
57978260,25,1
57995940,36,64
58014652,9,121
58033388,36,4
58051064,49,64
58069784,1,441
58088508,25,256
58108264,1,0
58124904,1,9
58141544,4,16
58159220,9,9
58175868,36,256
58195612,16,121
58215376,1,0
58232020,0,0
58248648,49,0
58266340,100,36
58286096,4,16
58303776,0,25
58321456,4,100
58340180,0,144
58358912,9,9
58375540,9,100
58394264,4,121
58412976,1,225
58431704,4,256
58450420,16,81
58469136,1,49
58486836,25,100
58506592,1,144
58525304,9,25
58542984,0,16
58560652,49,0
58578352,9,100
58597072,1,400
58615780,9,36
58633460,16,289
58653232,4,144
58671944,121,100
58692740,16,484
58712504,49,121
58732268,121,625
58753060,9,1369
58772820,49,81
58791540,25,25
58810256,0,0
58826892,36,121
58846660,49,1
58864336,0,144
58883052,49,256
58902828,49,4
58920488,0,324
58939216,64,196
58958988,64,64
58977708,1,25
58995376,9,676
59014080,49,400
59033848,169,1936
59055708,1,529
59074424,100,676
59095228,9,9
59111860,36,16
59130580,441,529
59151372,1,2025
59171140,121,1024
59192988,4,25
59210652,0,36
59228344,36,484
59248084,4,1089
59267856,400,841
59288660,441,49
59308416,36,625
59328168,0,289
59346896,0,400
59365624,9,121
59384344,25,169
59404092,0,400
59422820,49,529
59442584,81,25
59461296,4,49
59478976,0,1
59495624,1,49
59513304,4,196
59532020,1,196
59550740,16,25
59569456,1,64
59587140,1,400
59605868,1,441
59624584,64,0
59642268,49,225
59662020,4,400
59680728,36,36
59699460,49,36
59718176,4,25
59735860,0,9
59752504,25,225
59772272,9,256
59790976,9,49
59808660,16,0
59826344,16,36
59845064,4,441
59863772,0,289
59882508,0,16
59900180,36,225
59919936,4,256
59938660,16,9
59956348,1,0
59972996,4,121
59991692,1,529
60010408,16,64
60029136,49,49
60047856,9,144
60066576,9,100
60085308,0,1
60101940,25,0
60119616,4,81
60137304,4,4
60153948,4,4
60170592,0,16
60188264,0,0
60204904,0,144
60223632,4,529
60242352,4,1
60258984,9,121
60277680,4,144
60296428,9,36
60314100,0,9
60330748,4,196
60349460,16,900
60369228,36,169
60388976,121,1
60407692,9,1
60424340,4,16
60442028,25,16
60460740,9,0
60477368,1,1
60494012,0,0
60510660,0,0
60527296,0,0
60543920,0,0
60560572,0,0
60577208,0,0
60593856,1,0
60610488,4,4
60627136,0,0
60643776,0,0
60660420,1,1
60677044,0,1
60693708,4,4
60710336,0,16
60728008,0,9
60744652,1,0
60761308,1,1
60777936,1,0
60794568,0,0
60811208,0,0
60827856,0,4
60844496,1,0
60861136,1,0
60877776,25,1
60895464,36,0
60913140,0,0
60929780,9,1
60946400,0,4
60963056,16,4
60980732,16,1
60998416,1,4
61015056,0,9
61031700,0,4
61048344,0,0
61064968,0,1
61081620,9,4
61098268,16,9
61115940,9,1
61132580,9,1
61149228,1,1
61165856,0,1
61182500,0,1
61199144,0,0
61215784,1,1
61232416,4,0
61249064,9,0
61265696,4,0
61282344,1,0
61298976,0,0
61315624,1,0
61332248,0,0
61348896,1,1
61365536,0,0
61382184,0,1
61398816,1,0
61415452,0,0
61432096,0,0
61448744,1,0
61465372,0,0
61482016,0,0
61498660,1,0
61515304,1,0
61531932,0,1
61548572,0,0
61565216,1,0
61581864,0,0
61598492,1,0
61615140,0,1
61631776,0,0
61648416,0,0
61665048,1,0
61681700,0,0
61698332,0,0
61714972,0,0
61731616,1,0
61748252,0,1
61764896,0,1
61781536,0,0
61798168,0,1
61814816,0,1
61831452,0,0
61848104,1,0
61864724,0,0
61881372,0,0
61898016,0,0
61914660,1,0
61931288,0,1
61947936,0,0
61964584,1,0
61981224,0,0
61997856,0,0
62014492,0,0
62031132,0,0
62047784,0,0
62064416,1,0
62081064,1,0
62097692,0,0
62114336,0,0
62130964,0,0
62147616,0,0
62164256,0,0
62180900,0,0
62197536,0,0
62214176,0,0
62230816,0,0
62247452,1,0
62264096,0,0
62280740,0,1
62297384,0,0
62314016,0,0
62330660,0,1
62347292,0,0
62363936,0,0
62380584,1,0
62397212,1,0
62413856,0,0
62430500,1,0
62447136,0,0
62463772,1,0
62480416,0,0
62497052,0,0
62513692,0,0
62530324,0,0
62546976,0,0
62563624,1,0
62580256,0,0
62596900,0,0
62613540,0,1
62630180,1,0
62646816,0,0
62663448,0,0
62680096,0,0
62696744,1,0
62713384,0,0
62730016,1,0
62746664,1,1
62763300,0,1
62779940,0,0
62796576,1,0
62813228,1,0
62829864,1,0
62846504,1,0
62863128,0,0
62879776,0,0
62896416,1,0
62913056,1,0
62929696,1,0
62946336,0,0
62962976,0,0
62979616,0,0
62996248,0,0
63012904,1,0
63029540,0,1
63046188,0,0
63062816,0,0
63079456,0,0
63096096,0,0
63112736,0,0
63129376,1,0
63146016,0,1
63162656,0,0
63179296,0,0
63195936,0,0
63212580,0,1
63229216,0,0
63245856,0,1
63262500,0,0
63279136,0,0
63295772,0,0
63312424,0,0
63329056,1,0
63345700,0,1
63362336,0,0
63378972,0,0
63395608,0,1
63412256,0,0
63428892,1,0
63445548,1,1
63462176,1,1
63478816,1,0
63495464,0,0
63512104,0,0
63528736,1,0
63545380,0,0
63562012,0,0
63578656,0,0
63595296,0,0
63611936,0,0
63628572,0,0
63645220,1,0
63661844,0,0
63678496,0,0
63695148,1,0
63711788,0,0
63728416,0,0
63745052,0,0
63761696,0,0
63778344,1,0
63794968,0,0
63811616,0,0
63828264,1,0
63844904,1,1
63861528,0,0
63878176,0,1
63894816,0,0
63911464,1,0
63928084,0,0
63944736,0,0
63961388,1,1
63978032,1,4
63994656,1,0
64011300,4,0
64027944,1,0
64044576,0,0
64061208,0,1
64077868,0,0
64094504,1,0
64111136,0,1
64127780,0,0
64144416,0,0
64161056,0,0
64177696,0,0
64194328,0,0
64210976,0,0
64227620,1,0
64244260,1,0
64260896,0,0
64277536,0,0
64294176,0,0
64310824,1,0
64327460,0,0
64344104,1,0
64360732,0,0
64377384,0,0
64394008,0,0
64410656,1,0
64427296,4,1
64443932,0,0
64460564,0,0
64477216,0,0
64493856,0,0
64510496,0,0
64527136,0,0
64543776,0,0
64560416,0,0
64577060,1,1
64593696,1,0
64610336,1,1
64626976,0,0
64643628,0,0
64660256,1,0
64676896,1,0
64693536,0,0
64710184,0,0
64726808,0,0
64743452,0,0
64760096,0,0
64776736,0,1
64793376,0,0
64810016,0,0
64826652,0,0
64843296,0,0
64859928,0,0
64876584,1,0
64893216,0,0
64909856,0,0
64926488,0,1
64943132,0,0
64959776,0,0
64976412,1,0
64993060,0,1
65009692,0,0
65026336,0,1
65042972,0,0
65059608,0,1
65076256,0,0
65092896,0,1
65109536,0,0
65126172,0,0
65142816,0,1
65159456,0,0
65176104,1,0
65192728,0,0
65209376,0,0
65226016,0,0
65242652,0,0
65259288,0,0
65275940,0,1
65292576,0,0
65309220,0,0
65325848,0,0
65342500,0,1
65359140,0,1
65375780,1,0
65392416,0,0
65409064,1,0
65425696,1,0
65442344,1,0
65458964,0,0
65475628,0,1
65492256,0,0
65508892,0,0
65525532,1,0
65542176,1,0
65558820,0,0
65575456,0,0
65592096,1,0
65608740,0,1
65625384,0,0
65642016,0,0
65658656,1,0
65675300,0,4
65691936,0,0
65708584,1,0
65725208,0,0
65741868,0,1
65758508,0,4
65775144,0,0
65791780,0,1
65808420,0,1
65825064,1,1
65841696,0,0
65858332,0,1
65874984,0,0
65891624,0,0
65908252,0,0
65924888,0,0
65941532,1,0
65958176,0,4
65974828,0,1
65991448,0,1
66008092,0,0
66024736,0,0
66041376,0,0
66058016,0,0
66074652,1,0
66091296,0,0
66107944,0,0
66124572,1,0
66141216,0,0
66157856,0,0
66174504,1,0
66191128,0,0
66207776,1,0
66224416,0,0
66241056,0,0
66257696,0,0
66274344,0,0
66290984,0,0
66307620,0,0
66324252,0,1
66340900,0,0
66357536,0,1
66374184,1,0
66390816,1,0
66407452,0,0
66424100,1,0
66440736,0,1
66457368,0,1
66474016,0,0
66490652,1,0
66507304,0,0
66523928,0,0
66540580,0,1
66557228,0,0
66573856,0,0
66590496,0,0
66607136,0,0
66623772,1,0
66640416,0,0
66657048,0,0
66673696,0,0
66690332,0,0
66706984,0,0
66723616,1,0
66740268,1,0
66756908,0,0
66773544,0,0
66790164,0,0
66806816,0,0
66823456,0,0
66840096,0,0
66856728,0,0
66873376,0,1
66890020,0,1
66906652,0,0
66923296,1,0
66939936,1,0
66956580,0,0
66973228,0,0
66989852,25,0
67007544,81,1
67025216,16,4
67042888,0,0
67059536,1,0
67076176,4,0
67092816,0,1
67109456,0,0
67126100,4,0
67142748,1,1
67159376,0,0
67176012,0,1
67192656,0,0
67209304,1,0
67225936,1,0
67242564,0,0
67259208,0,1
67275864,0,1
67292496,0,1
67309132,0,0
67325776,1,0
67342420,0,0
67359052,0,0
67375696,0,0
67392324,0,0
67408972,0,0
67425616,0,0
67442252,0,0
67458896,0,0
67475544,0,0
67492176,0,0
67508808,0,0
67525448,0,0
67542096,0,0
67558744,0,0
67575380,0,1
67592008,0,1
67608660,0,0
67625292,0,0
67641936,0,0
67658568,0,1
67675216,0,0
67691852,0,0
67708484,0,0
67725132,0,0
67741776,0,0
67758424,1,0
67775056,1,0
67791688,0,1
67808344,1,1
67824976,1,0
67841612,1,0
67858244,0,0
67874896,0,0
67891540,0,1
67908172,0,0
67924804,0,0
67941452,0,0
67958100,0,1
67974732,0,1
67991376,0,0
68008016,0,0
68024656,0,0
68041288,0,1
68057932,0,0
68074576,0,0
68091228,1,0
68107856,1,0
68124488,1,0
68141136,0,0
68157776,0,0
68174416,1,0
68191048,0,0
68207692,0,0
68224336,0,0
68240972,0,0
68257608,0,0
68274268,1,1
68290904,0,0
68307540,1,1
68324180,0,1
68340812,0,0
68357456,0,0
68374088,0,0
68390728,0,0
68407376,0,1
68424020,0,1
68440656,0,0
68457300,0,1
68473936,0,0
68490572,0,0
68507204,0,0
68523860,0,0
68540504,1,0
68557136,0,0
68573764,0,0
68590408,0,0
68607060,0,1
68623704,0,1
68640328,0,1
68656976,1,0
68673616,4,0
68690252,0,0
68706896,1,0
68723532,0,1
68740176,0,0
68756824,0,0
68773456,0,0
68790096,1,0
68806736,0,0
68823376,0,0
68840008,0,0
68856656,0,0
68873304,0,0
68889932,0,0
68906564,0,0
68923216,1,0
68939864,1,0
68956496,0,0
68973128,0,1
68989776,0,0
69006420,0,0
69023064,0,1
69039688,0,0
69056328,0,0
69072972,0,0
69089620,0,1
69106260,0,1
69122900,0,1
69139536,0,0
69156176,0,0
69172816,1,1
69189444,0,0
69206092,0,0
69222736,0,0
69239368,0,1
69256016,0,1
69272656,0,0
69289300,1,0
69305936,1,0
69322576,0,0
69339216,0,0
69355856,0,0
69372488,0,0
69389124,0,0
69405788,0,1
69422416,0,0
69439044,0,0
69455684,0,0
69472336,0,1
69488976,0,0
69505616,1,0
69522248,0,0
69538904,1,0
69555544,1,0
69572180,0,1
69588816,0,0
69605456,1,0
69622104,4,1
69638740,1,1
69655372,0,1
69672016,1,1
69688656,0,1
69705300,0,0
69721940,0,0
69738580,0,1
69755212,0,0
69771844,0,0
69788484,0,0
69805136,0,0
69821780,0,1
69838420,0,1
69855052,0,0
69871696,0,0
69888336,0,0
69904976,0,0
69921608,0,1
69938256,0,0
69954900,0,0
69971540,0,0
69988176,0,0
70004816,0,1
70021456,0,0
70038092,0,0
70054736,1,0
70071376,1,0
70088012,0,0
70104644,0,0
70121284,0,0
70137936,0,0
70154588,1,1
70171216,0,0
70187856,0,0
70204500,4,1
70221132,0,0
70237776,0,36
70255460,1,64
70273148,1,0
70289788,1,1
70306420,4,81
70324104,0,0
70340752,4,361
70359472,81,25
70378176,100,361
70398964,144,196
70419788,484,16
70439552,529,49
70459300,144,25
70479056,36,289
70498812,36,49
70517540,25,121
70537296,25,361
70557064,36,64
70575780,0,16
70593452,9,144
70612184,0,36
70629860,1,324
70648580,16,289
70668344,9,256
70687060,49,169
70706824,0,49
70724500,16,144
70744260,36,0
70761940,9,49
70779616,16,100
70799396,1,169
70818100,9,100
70836820,9,49
70854504,4,1
70871152,1,144
70889880,9,25
70907540,25,121
70927292,0,81
70944980,16,9
70962660,4,169
70981376,1,361
71000112,9,169
71018824,1,100
71037536,0,25
71055220,1,64
71072908,0,1
71089552,1,225
71108264,9,169
71126972,0,225
71145696,0,64
71163380,81,4
71181056,9,81
71198756,1,25
71216424,1,256
71235136,16,676
71254900,121,784
71275712,49,625
71295460,64,441
71315212,121,0
71333936,16,256
71353700,16,4
71371376,4,25
71389064,1,196
71407780,4,121
71426496,0,9
71443140,4,36
71460816,25,256
71480576,49,36
71499296,0,9
71515948,0,625
71534672,1,1225
71554432,16,441
71574188,81,1
71591844,9,256
71610584,49,0
71628256,49,256
71648020,4,25
71665700,1,121
71684428,25,4
71702100,0,0
71718752,4,9
71735384,4,289
71754096,0,169
71772816,1,4
71789460,0,25
71807132,0,484
71825860,4,900
71844584,25,0
71862248,9,169
71880988,36,4
71898680,36,64
71917376,4,225
71936112,16,81
71954828,4,25
71972500,25,81
71991212,0,9
72007864,4,121
72026572,9,64
72044252,9,4
72060888,49,4
72078584,9,16
72096256,0,16
72113936,9,324
72132656,0,81
72150348,1,4
72166972,4,1369
72186728,4,4624
72206492,225,2304
72228348,169,576
72249144,25,676
72268908,81,484
72288660,121,25
72308408,4,256
72327128,1,900
72345868,4,529
72364588,16,49
72383296,16,0
72400972,16,676
72420736,64,2401
72441524,256,1296
72463396,289,784
72484192,25,484
72503940,25,121
72523696,100,196
72544508,36,49
72563228,16,0
72580900,4,121
72599628,25,100
72619384,100,9
72638096,64,36
72656812,25,100
72676588,0,529
72695288,144,196
72716100,196,36
72735868,16,9
72753556,0,9
72770172,0,16
72787860,9,225
72806576,0,0
72823208,49,529
72842984,4,169
72861708,16,0
72879376,49,169
72899132,169,1
72917848,81,841
72937604,49,1444
72958416,169,1600
72980248,225,729
73001068,144,196
73021856,16,121
73041612,25,25
73060332,9,121
73079068,1,4
73095704,4,4
73112340,4,64
73130024,49,16
73148736,49,100
73168492,25,1
73186180,16,196
73205936,16,121
73225700,25,400
73245456,1,144
73264184,16,1
73281860,1,0
73298500,4,4
73315144,9,1
73331780,64,289
73351540,9,1296
73371292,9,196
73390000,100,169
73410824,25,9
73428512,16,25
73447208,16,225
73466988,16,324
73486736,0,256
73505464,49,121
73525220,0,144
73543940,49,225
73563704,49,4
73581380,25,400
73601132,25,961
73620908,25,25
73639608,0,121
73658332,4,25
73676032,4,225
73694744,9,729
73713456,1,361
73732184,16,9
73749856,16,400
73769612,25,729
73789372,144,81
73809152,64,1
73826820,9,0
73843468,1,4
73860104,0,36
73877788,0,1
73894428,9,144
73913140,4,169
73931868,25,81
73950584,0,144
73969296,25,1
73986972,25,441
74006748,4,324
74025460,64,36
74044184,81,0
74061860,169,9
74080580,64,1
74098260,0,4
74114896,36,64
74133628,25,25
74152344,9,0
74168976,0,225
74187680,16,1225
74208508,0,961
74227224,16,36
74245940,1,144
74264656,16,100
74284428,1,784
74303136,16,196
74322892,9,25
74340572,9,289
74359292,64,1156
74380100,0,289
74398820,36,196
74418584,0,196
74437300,9,0
74453944,25,25
74472668,36,9
74490332,64,81
74509060,1,36
74526740,0,144
74545456,4,49
74563148,1,25
74580816,0,16
74598496,9,25
74616184,9,4
74632832,9,1
74649468,49,64
74668188,0,4
74684828,16,1
74702496,0,1
74719136,0,49
74736836,1,121
74755528,1,324
74774260,4,64
74791936,1,1
74808584,1,25
74826276,1,25
74843936,0,49
74861624,1,289
74880344,9,64
74898020,9,9
74914660,1,16
74932356,1,25
74950020,9,121
74968744,1,169
74987456,9,441
75006184,49,169
75025948,121,36
75045712,81,121
75065456,36,36
75084180,16,4
75101848,0,0
75118500,1,1
75135140,0,25
75152824,16,4
75170500,1,9
75187144,25,169
75206896,4,576
75225628,16,196
75245372,25,49
75264108,9,4
75280736,25,16
75299460,1,121
75318180,9,400
75336904,16,1024
75357700,36,729
75377460,49,1
75395156,16,4
75412824,0,100
75431532,16,0
75449224,100,100
75470020,4,25
75487700,4,9
75504340,1,25
75522012,1,4
75538656,0,4
75555300,4,4
75571940,1,0
75588576,9,25
75606256,0,9
75622896,0,4
75639540,0,4
75656176,1,0
75672820,0,16
75690496,4,36
75708180,36,16
75726900,9,9
75743540,1,1
75760176,0,4
75776812,0,9
75793456,0,25
75811148,1,64
75828820,1,4
75845448,0,0
75862100,9,25
75879780,16,81
75898500,1,1
75915140,0,36
75932816,9,0
75949472,9,1
75966104,4,25
75983776,9,9
76000424,1,0
76017068,36,1
76034736,9,4
76051372,4,0
76068016,9,16
76085692,0,100
76104420,4,4
76121056,16,1
76138748,9,16
76156416,1,100
76175136,1,289
76193872,9,25
76211548,4,100
76230260,1,256
76248980,4,400
76267708,4,121
76286416,9,25
76304096,1,36
76321772,4,9
76338424,16,36
76357152,4,196
76375860,9,1
76392512,1,1
76409152,4,25
76426808,0,25
76444500,0,1
76461148,4,289
76479856,0,361
76498572,9,36
76516256,4,36
76533952,9,121
76552660,1,25
76570340,4,49
76588012,1,144
76606736,0,49
76624424,9,49
76642104,16,64
76660824,9,4
76677464,1,4
76694096,4,100
76712820,9,144
76731548,0,36
76749220,0,144
76767936,4,9
76784568,9,49
76802268,49,4
76819932,16,196
76839696,0,144
76858424,1,9
76875064,0,16
76892744,1,49
76910416,0,16
76928104,4,4
76944736,4,9
76961380,1,121
76980100,16,289
76999864,25,1
77017536,1,81
77035220,16,196
77054984,9,900
77073700,9,784
77092416,81,64
77111140,1,36
77128816,81,16
77147540,9,9
77164172,1,4
77180816,16,25
77199548,1,0
77216180,0,64
77233864,4,484
77252564,0,441
77271316,9,9
77287944,1,64
77305632,4,0
77322264,0,100
77340988,4,36
77358656,16,25
77377380,36,100
77397140,9,81
77414820,9,144
77433540,9,1
77450176,0,169
77468908,4,121
77487620,9,49
77505300,1,144
77524024,4,49
77541700,0,64
77559376,9,121
77578096,0,196
77596824,25,4
77614496,0,1
77631140,9,25
77648812,1,1
77665460,16,49
77684180,0,9
77700824,16,36
77719524,1,16
77737228,0,1
77753848,4,81
77771532,25,25
77790264,1,4
77806908,1,1
77823548,4,1
77840180,0,256
77858900,0,121
77877624,16,4
77895300,4,1
77911928,4,4
77928588,1,1
77945232,0,49
77962904,4,121
77981616,4,25
77999308,4,144
78018020,25,9
78035700,4,64
78053372,1,9
78070024,16,225
78089776,16,256
78109540,1,144
78128268,4,16
78145944,36,49
78164668,9,4
78181292,1,1
78197940,1,289
78216648,1,16
78234336,9,16
78252000,4,361
78270748,0,9
78287388,16,25
78306104,0,9
78322748,4,4
78339388,1,121
78358092,4,225
78376820,9,16
78394508,4,9
78411148,16,4
78428816,64,36
78447520,9,100
78466272,1,529
78484976,0,169
78503708,1,4
78520348,4,9
78536976,16,4
78554668,9,25
78572332,0,16
78590032,1,4
78606660,16,4
78624332,4,25
78642020,4,16
78659700,4,1
78676340,0,1
78692980,0,81
78710656,0,361
78729384,1,324
78748104,9,4
78764736,16,121
78784492,0,9
78801144,0,9
78817776,9,49
78835464,1,169
78854188,0,25
78871872,0,1
78888500,1,1
78905132,0,0
78921784,4,256
78940504,25,361
78960264,0,0
78976892,0,16
78994588,16,4
79012260,0,81
79029940,0,1
79046564,4,9
79063224,1,0
79079860,9,1
79096500,1,16
79114164,1,36
79131868,16,0
79149536,49,36
79168260,0,64
79185948,4,25
79203628,9,16
79221308,4,25
79238976,4,0
79255628,4,16
79273304,0,9
79289944,0,225
79308656,0,324
79327392,4,0
79344020,0,9
79360652,9,0
79377312,0,4
79393952,0,25
79411636,0,225
79430344,0,289
79449056,16,169
79468824,4,4
79485468,9,9
79502100,25,0
79519776,1,0
79536420,4,25
79554096,9,144
79572816,4,64
79590504,4,4
79607148,16,9
79624820,0,4
79641460,1,4
79658100,1,9
79674740,0,49
79692416,0,256
79711132,9,625
79729848,100,225
79750656,64,9
79768332,0,1
79784980,0,36
79802664,1,121
79821372,0,64
79839056,16,49
79857780,0,1
79874428,16,4
79892108,1,100
79910816,25,289
79930588,4,16
79948248,16,64
79966980,0,256
79985708,4,81
80003384,25,4
80021056,4,9
80037704,0,16
80055400,0,25
80073064,0,4
80089692,4,16
80107376,1,121
80126104,4,49
80143788,1,0
80160420,0,0
80177052,0,25
80194744,0,0
80211380,0,81
80229052,0,16
80246720,0,729
80265456,36,256
80285228,49,9
80302900,4,1
80319540,9,0
80336188,9,1
80352824,0,1
80369460,0,0
80386108,1,9
80402740,0,9
80419372,1,0
80436016,1,0
80452660,0,1
80469296,0,0
80485936,1,0
80502580,1,0
80519220,1,1
80535860,16,9
80553528,36,1
80571224,36,4
80588908,0,1
80605536,81,36
80624260,81,49
80642972,49,0
80660668,49,25
80679388,144,100
80700172,256,36
80719948,36,49
80738656,4,225
80757372,25,100
80777132,9,16
80794832,25,9
80812496,4,0
80829128,196,400
80849944,64,441
80869704,36,0
80887372,441,16
80907136,729,121
80927948,36,729
80947700,576,225
80968512,1,36
80986188,100,16
81005952,25,169
81025700,9,25
81043376,9,64
81061072,0,16
81078732,100,196
81099536,49,1
81117220,9,4
81133856,1,0
81150504,9,1
81167136,100,16
81186908,144,121
81207700,25,225
81227448,9,289
81246164,256,1225
81268028,625,144
81288820,225,169
81309604,169,144
81330404,4489,400
81352256,6889,400
81374096,3025,1
81393860,64,16
81412580,2401,225
81434420,100,81
81454188,0,225
81472900,49,324
81492656,400,0
81511372,81,169
81531144,484,784
81551928,324,16
81571700,4,25
81589376,25,121
81609140,225,441
81629940,196,81
81649712,36,1
81667388,225,36
81687148,256,16
81706900,196,4
81725624,100,441
81746408,1296,576
81768260,256,0
81786988,81,9
81804672,100,1
81823380,9,16
81841048,25,25
81859764,576,400
81880572,2304,121
81902412,625,400
81923220,9,1600
81942972,1296,484
81964812,1225,36
81985632,169,169
82006420,49,841
82026168,100,324
82046960,400,81
82066744,225,4
82085452,100,36
82105220,16,36
82123936,100,289
82144728,400,484
82165528,576,256
82186340,100,1
82205068,49,256
82224816,36,100
82244564,0,1
82261232,144,25
82280988,100,100
82301784,1,16
82319460,16,36
82338180,4,225
82356896,4,49
82374572,64,49
82393308,121,16
82413064,16,121
82432804,16,196
82452580,100,16
82472336,144,121
82493140,64,81
82511852,36,1
82529548,25,1
82547216,100,121
82568000,2209,400
82589864,2601,49
82610656,529,16
82630420,36,16
82649140,49,4
82666820,144,81
82686580,484,1
82705292,400,1024
82727144,1225,729
82748968,289,361
82769784,81,900
82789540,121,256
82810340,361,4
82829072,1,64
82846732,961,529
82867548,1296,36
82888328,625,1024
82910168,0,169
82928896,121,169
82949704,64,576
82969456,144,81
82989220,121,9
83007936,1024,0
83027700,225,81
83047464,441,36
83067220,961,1
83085924,121,9
83104664,36,16
83123392,4,169
83142096,144,25
83161848,169,0
83180584,9,1
83197228,625,1
83215944,1444,9
83235700,484,9
83254424,256,1
83273148,900,0
83291856,1156,4
83311636,256,4
83330344,0,4
83346988,81,0
83364660,9,4
83381300,100,25
83401064,9,36
83418736,225,4
83437464,49,4
83455136,225,0
83473856,289,1
83492580,16,9
83510260,81,25
83528980,676,49
83548732,361,169
83569540,1,36
83587228,4,49
83604904,9,100
83623612,256,169
83644412,1521,729
83666256,961,169
83687060,169,36
83706816,1,4
83723464,100,4
83742176,169,64
83761948,25,49
83780672,169,1
83799380,64,1
83817060,100,4
83835768,36,225
83855536,784,400
83876332,81,49
83895052,0,81
83912740,196,9
83931468,324,36
83951224,36,121
83970972,289,25
83990736,81,49
84009444,25,225
84029220,1,196
84047944,9,64
84065620,0,16
84083296,1,16
84100968,81,64
84119708,256,64
84139468,64,64
84158172,169,256
84178980,576,169
84199780,100,49
84219532,64,0
84237216,36,1
84254904,1369,49
84275684,676,0
84294412,1,25
84312100,81,25
84330824,400,64
84350576,144,1
84369300,25,1
84386984,289,36
84406740,1024,64
84427540,169,4
84446264,25,0
84463940,121,144
84484740,225,361
84505528,36,225
84525308,64,121
84545064,36,1
84562748,9,81
84580420,36,441
84600184,361,9
84618892,196,36
84638648,0,36
84656348,0,49
84674020,36,9
84691712,1,9
84708332,49,36
84727064,4,1
84743696,49,484
84763448,484,2116
84785300,400,324
84806100,64,4
84823780,25,25
84842500,16,25
84861216,784,400
84882008,841,25
84901780,121,4
84920508,0,36
84938180,1,9
84954808,64,4
84972492,16,16
84991220,25,0
85008900,16,16
85027612,81,144
85047388,361,484
85068180,225,9
85086896,0,9
85103540,361,49
85123296,9,144
85142012,784,625
85162808,36,36
85181536,81,144
85201296,144,49
85221060,36,225
85240800,25,25
85259540,16,36
85278256,0,25
85295940,1,1
85312588,16,0
85330264,225,0
85348980,361,16
85368732,196,36
85388496,169,4
85407216,144,4
85425936,16,0
85443616,484,64
85463364,1936,576
85485220,676,196
85506012,36,16
85524736,121,225
85545536,729,625
85566336,784,256
85587148,225,25
85606900,25,9
85624572,100,9
85643300,36,25
85662020,4,9
85678672,0,0
85695312,9,100
85714020,196,400
85734816,400,144
85755620,16,9
85773288,1296,169
85795148,2704,169
85816984,841,25
85836732,25,81
85855468,256,256
85876256,289,144
85897064,100,1
85915784,144,144
85936580,36,529
85956340,16,64
85975076,1,1
85991712,64,0
86009392,1,9
86026020,4,1
86042668,81,4
86060348,64,81
86079060,144,225
86099852,729,169
86120660,361,64
86140420,0,1
86157052,121,36
86176824,100,9
86195544,100,0
86214256,144,100
86235056,4,100
86253788,4,64
86271452,676,36
86291216,2500,0
86310980,961,9
86329704,9,0
86346340,1,9
86362984,0,4
86379624,36,9
86397292,256,36
86417064,625,169
86437840,81,576
86457616,16,49
86476340,81,1
86494020,64,1
86511704,1225,484
86533540,841,289
86554336,49,9
86572016,9,36
86589708,1,121
86608428,1,81
86626100,100,16
86645856,121,16
86665632,49,1
86683312,100,225
86704088,256,1
86722832,1,324
86741548,9,100
86760256,256,25
86780020,64,25
86798740,361,900
86819544,0,1089
86839304,256,49
86859064,81,4
86876740,36,25
86895456,4,81
86913148,16,0
86930824,100,49
86950580,625,81
86970332,144,64
86990092,0,81
87007776,1,49
87025472,9,0
87042100,256,121
87062904,1369,196
87084740,441,4
87103456,0,0
87120108,64,1
87137780,9,36
87155460,16,9
87173148,9,1
87189776,81,4
87207456,16,121
87227220,9,49
87244912,144,25
87264660,361,36
87284412,81,16
87303132,4,25
87320828,36,0
87338500,81,0
87356180,169,0
87374900,144,0
87393612,576,64
87413376,1600,324
87435200,576,169
87456028,16,169
87475784,16,16
87494512,4,1
87511136,784,144
87531940,529,16
87551700,1,25
87569372,49,1
87587060,49,16
87605792,144,25
87625528,144,144
87646348,36,441
87666096,64,36
87684812,0,225
87703524,64,576
87723300,100,100
87744100,1,25
87761772,0,4
87778428,1,1
87795068,1,64
87812736,25,25
87831456,324,1
87850192,289,25
87869940,1,36
87887620,64,0
87905316,25,4
87922980,144,16
87942744,0,1
87959384,49,1
87977068,49,9
87994736,784,784
88015528,2500,1521
88038420,1156,36
88059228,121,9
88077944,0,169
88096652,100,144
88117456,169,400
88138260,36,25
88156976,4,0
88173632,144,25
88193388,81,36
88212108,36,49
88230812,169,36
88250588,25,0
88268264,1,36
88285944,4,9
88302572,9,16
88320272,49,25
88338988,1,49
88356660,100,49
88376428,36,0
88394096,25,225
88413860,121,196
88434648,144,0
88453388,49,4
88471060,0,4
88487688,0,81
88505376,25,49
88524100,225,49
88543852,169,36
88563616,25,1
88581304,25,9
88598968,4,169
88617700,0,36
88635372,4,16
88653064,169,16
88672812,484,9
88691536,225,0
88710264,16,0
88727940,25,4
88745616,0,0
88762260,169,36
88782032,49,1
88799708,4,4
88816344,49,144
88836092,144,81
88855864,441,4
88874580,676,16
88894340,289,16
88914108,9,49
88931776,16,100
88951532,289,36
88971300,729,169
88992096,144,4
89010832,25,4
89028508,1,1
89045144,1,36
89062828,1,0
89079460,36,4
89097136,4,4
89113788,36,100
89133540,16,484
89153300,100,81
89173064,0,1
89189708,4,9
89206340,484,121
89227128,256,100
89247952,16,36
89266660,196,49
89286420,400,1
89305140,361,64
89324900,169,49
89344660,49,16
89363372,0,0
89380028,196,25
89399776,9,16
89417452,225,9
89436184,0,9
89452824,400,169
89473612,1444,400
89495452,324,0
89514192,121,1
89532896,121,4
89551620,9,4
89568252,1,81
89585948,25,144
89605696,25,16
89624420,25,25
89643148,256,100
89663944,36,9
89681616,100,36
89701368,49,36
89720112,121,100
89740888,289,121
89761692,4,49
89779380,0,9
89796020,25,9
89813692,81,4
89831368,144,36
89851144,256,64
89870892,576,9
89889608,121,4
89908352,1,1
89924992,36,1
89942652,121,1
89961372,49,36
89980104,100,49
89999852,256,0
90018576,1,100
90037308,36,4
90054984,36,64
90073700,64,4
90091372,0,36
90109060,81,169
90128816,289,196
90149624,121,1
90168356,1,1
90184980,49,25
90203704,169,64
90223460,0,0
90240104,64,36
90258820,0,16
90276496,0,81
90294172,1,100
90312900,16,36
90331612,16,9
90349300,25,4
90366960,0,1
90383616,9,0
90400264,0,1
90416900,0,0
90433544,25,4
90451224,36,4
90468904,1,0
90485528,0,1
90502188,4,9
90518840,0,0
90535476,36,9
90553132,144,25
90572896,36,0
90590588,9,0
90607216,4,0
90623856,0,0
90640500,81,49
90659224,256,144
90680020,81,9
90697680,16,81
90716428,169,196
90737208,64,25
90755932,0,0
90772584,4,64
90790264,1,196
90808980,25,100
90828732,64,49
90847468,0,25
90865136,121,9
90883860,25,1
90901540,9,1
90918180,0,1
90934824,36,49
90953540,16,9
90971228,16,16
90989940,100,49
91009704,64,1
91027368,0,1
91044020,324,4
91062728,529,16
91082492,169,1
91101232,289,100
91122016,361,196
91142816,144,9
91161532,0,4
91178180,81,4
91195860,0,4
91212500,1,0
91229132,1,1
91245788,81,64
91264496,100,64
91284264,225,100
91305068,121,16
91324832,1,225
91343544,36,9
91361216,49,0
91378900,25,81
91397620,1,225
91416348,25,4
91434020,100,121
91454820,36,9
91472496,64,36
91491208,100,225
91512016,25,100
91531784,25,1
91549468,36,4
91567148,4,0
91583784,441,225
91604580,1444,361
91626416,289,1
91645148,0,9
91661772,36,1
91679464,196,25
91699232,196,196
91720032,25,9
91737700,1,0
91754348,1,25
91772024,0,1
91788668,1,0
91805296,1,16
91822976,16,0
91840668,1,1
91857304,9,25
91874984,9,144
91893692,4,49
91911380,16,0
91929052,1,1
91945704,1,1
91962328,9,0
91978976,1,0
91995612,64,9
92013300,1,0
92029944,25,1
92047628,1,0
92064252,4,0
92080892,4,0
92097540,4,9
92114196,9,36
92131864,121,49
92151616,81,64
92170348,9,1
92186988,4,4
92203624,9,9
92220252,9,25
92237936,100,36
92257696,36,16
92276420,36,16
92295120,64,16
92313860,1,0
92330496,9,9
92347140,9,16
92364820,100,49
92384584,441,100
92405380,49,0
92423060,1,4
92439708,4,1
92456344,9,0
92472976,49,16
92491684,81,9
92509384,4,9
92526008,25,0
92543700,36,0
92561376,4,1
92578028,0,9
92594652,169,4
92613380,289,0
92632104,36,4
92649784,0,1
92666412,36,9
92684104,225,49
92703864,121,4
92722580,16,81
92741300,4,64
92758968,1,9
92775620,4,4
92792260,9,1
92808896,4,4
92825532,9,4
92842176,9,0
92858816,1,4
92875460,4,4
92892096,36,9
92909780,64,64
92928500,4,25
92946180,0,4
92962820,25,1
92980516,4,1
92997148,49,0
93014812,36,1
93032508,0,9
93049136,4,144
93067860,4,121
93086576,16,25
93105312,9,1
93121936,25,0
93139616,1,0
93156252,1,1
93172908,4,4
93189548,1,1
93206180,9,0
93222808,25,9
93240496,4,9
93257128,16,100
93276900,16,225
93296668,1,36
93314356,49,1
93332024,81,4
93349692,9,0
93366344,16,4
93384020,64,49
93402728,36,169
93422496,289,676
93443300,81,25
93462020,9,9
93478656,25,25
93497384,36,25
93516096,16,16
93534808,25,25
93553540,1,1
93570180,0,4
93586824,16,0
93604496,49,1
93622168,16,25
93640908,1,4
93657544,9,9
93674180,49,0
93691840,1,16
93709540,25,1
93727220,9,0
93743860,49,4
93761540,4,36
93779220,49,25
93797936,144,1
93816656,256,64
93836420,49,4
93854112,16,1
93871776,25,16
93890496,0,16
93908188,4,4
93924824,0,1
93941456,4,0
93958088,9,1
93974748,1,9
93991380,25,9
94009052,36,0
94026720,9,0
94043376,36,16
94062100,121,9
94080820,64,1
94098512,9,9
94115152,4,9
94131780,25,25
94150496,49,121
94170252,36,25
94188976,9,0
94205616,1,4
94222248,1,16
94239948,9,4
94256580,16,1
94274260,1,4
94290884,1,9
94307544,4,25
94325220,4,36
94342900,100,64
94362664,121,81
94382432,9,1
94399060,4,1
94415700,36,0
94433376,1,64
94451064,16,100
94470824,4,1
94487452,16,0
94505140,49,9
94522808,36,16
94541528,25,100
94561296,25,9
94578980,36,0
94596660,16,0
94614336,9,9
94630976,9,49
94648660,1,25
94666340,1,4
94682972,4,4
94699620,100,9
94718340,49,1
94736016,0,4
94752656,0,25
94770348,0,0
94786976,0,9
94803620,0,4
94820252,1,16
94837948,9,16
94855620,49,4
94873300,36,0
94890976,144,0
94909700,144,4
94928428,4,36
94946096,9,36
94963780,0,1
94980432,64,49
94999136,64,9
95016812,144,36
95036576,676,81
95056340,121,0
95075060,4,1
95091692,9,9
95108340,4,4
95124976,9,1
95141620,1,0
95158252,9,4
95174900,16,36
95193632,1,25
95211292,36,16
95230024,4,0
95246668,25,0
95264340,36,1
95282016,36,0
95299696,9,0
95316340,1,1
95332980,0,1
95349616,100,9
95368344,289,49
95388100,9,16
95405776,49,0
95423452,16,0
95441148,1,0
95457780,9,9
95474420,49,16
95493148,144,36
95512900,361,100
95533696,256,9
95552416,64,4
95570104,9,4
95586740,1,4
95603380,1,0
95620016,1,1
95636660,0,0
95653292,0,1
95669952,9,9
95686572,16,1
95704260,16,25
95722980,9,16
95740668,4,0
95757296,1,1
95773948,4,64
95791620,16,225
95811376,81,81
95830100,144,25
95849864,9,0
95866492,1,1
95883140,49,49
95901868,16,9
95919528,4,16
95937212,49,25
95955932,196,9
95974664,289,1
95993388,9,0
96010012,25,1
96027700,64,9
96045380,121,0
96064096,100,36
96083852,25,1
96101548,4,9
96118184,144,25
96137940,400,81
96157692,81,25
96176428,25,9
96194108,16,0
96211776,0,9
96228428,0,1
96245056,9,16
96262732,36,25
96281452,25,1
96299144,0,1
96315776,16,49
96334496,49,81
96353220,1,1
96369860,16,16
96388576,121,81
96408324,64,81
96427060,9,0
96443712,49,4
96461376,49,9
96479056,1,4
96495696,1,0
96512348,16,1
96530020,16,4
96547696,4,0
96564340,0,9
96580980,0,9
96597616,9,0
96614264,9,1
96630908,1,0
96647548,1,16
96665216,36,64
96683932,4,0
96700580,64,49
96719292,100,9
96738012,36,4
96755684,36,0
96773396,4,1
96790020,36,0
96807704,49,1
96825380,0,1
96842020,16,1
96859700,0,0
96876340,64,0
96894016,36,0
96911696,1,0
96928324,0,0
96944972,9,0
96961624,36,1
96979300,16,9
96996980,16,9
97014656,1,0
97031308,9,1
97047944,4,0
97064580,9,9
97081208,144,81
97100988,196,100
97121780,36,9
97139468,4,0
97156104,4,0
97172740,0,1
97189380,1,9
97206016,0,0
97222644,0,4
97239316,9,64
97256984,49,25
97275688,64,0
97293380,16,4
97311060,0,9
97327700,49,0
97345388,49,49
97364104,4,25
97381776,49,81
97400500,121,225
97421296,64,4
97438988,9,25
97456664,0,36
97474336,25,9
97492016,9,9
97508664,36,64
97527380,1,36
97545056,1,36
97562748,9,49
97580428,9,4
97597064,0,4
97613700,4,9
97630332,0,0
97646980,4,0
97663624,4,1
97680260,64,0
97697940,36,9
97715616,16,0
97733300,9,4
97749932,4,0
97766584,9,9
97783216,0,36
97800896,0,9
97817532,1,9
97834180,16,0
97851864,64,1
97869528,4,9
97886168,4,16
97903864,9,1
97920500,25,0
97938184,1,4
97954812,1,9
97971460,4,4
97988100,9,16
98005776,16,0
98023464,1,64
98041144,9,49
98058812,4,1
98075456,1,0
98092096,4,0
98108744,1,9
98125380,4,4
98142016,4,0
98158656,0,0
98175296,0,0
98191944,4,1
98208580,9,9
98225220,9,16
98242904,4,4
98259544,1,1
98276172,4,16
98293856,9,4
98310504,4,0
98327144,9,1
98343776,0,9
98360428,9,1
98377068,9,1
98393700,9,4
98410352,4,1
98426976,4,0
98443624,16,4
98461296,64,1
98478984,100,1
98497712,1,36
98515380,16,9
98533060,1,0
98549696,1,1
98566340,0,4
98582984,64,4
98600656,64,49
98619376,1,25
98637060,1,0
98653700,49,1
98671380,9,16
98689068,0,49
98706744,1,36
98724420,4,4
98741068,0,64
98758740,16,36
98777456,25,0
98795136,9,0
98811780,9,25
98829464,16,9
98847144,64,16
98865860,256,16
98885612,81,0
98903308,1,0
98919948,9,4
98936580,1,4
98953212,4,0
98969860,1,0
98986500,25,4
99004172,49,1
99021868,9,16
99039536,1,25
99057216,16,1
99074900,0,9
99091540,25,1
99109228,9,0
99125864,1,0
99142500,1,0
99159148,1,25
99176820,9,16
99194504,1,4
99211136,1,16
99228828,0,0
99245468,4,4
99262096,4,0
99278748,9,1
99295388,49,9
99313060,16,16
99331768,0,0
99348408,0,100
99367148,49,169
99386904,81,16
99405616,36,0
99423312,36,1
99440980,81,9
99458660,36,1
99476340,1,0
99492988,0,0
99509620,25,1
99527292,81,25
99546008,81,49
99564740,16,9
99582420,1,4
99599060,1,36
99616736,9,36
99634416,4,0
99651060,4,9
99667700,0,1
99684336,9,1
99700988,25,1
99718664,1,9
99735304,16,16
99754020,25,16
99772740,81,16
99791460,49,4
99809140,1,9
99825788,4,49
99843468,25,25
99862180,25,4
99879856,16,4
99897536,0,0
99914180,4,1
99930812,0,25
99948492,16,9
99966176,121,25
99985948,121,36
100005700,4,0
100023392,0,0
100041072,0,16
100059780,0,36
100078492,1,0
100096176,0,64
100114900,16,289
100135688,25,64
100155468,36,4
100174192,4,1
100191856,1,0
100209540,4,1
100227220,9,4
100244908,36,169
100265692,361,289
100287544,324,36
100308340,64,9
100327056,4,25
100345768,16,1
100364504,9,0
100382184,16,1
100400900,1,0
100418600,0,1
100436264,16,0
100454972,4,0
100472648,0,0
100490336,4,4
100508020,9,4
100525704,0,1
100543372,0,9
100561056,0,0
100578736,1,0
100596412,9,1
100614092,9,1
100631784,25,9
100650500,196,25
100671300,49,0
100690020,25,1
100708748,64,0
100727448,9,4
100745128,0,1
100762832,4,1
100780500,0,0
100798176,0,0
100815852,1,16
100834584,4,64
100853300,0,25
100872028,1,0
100889720,4,9
100907388,0,1
100925052,0,1
100942728,0,36
100961472,4,1
100979140,0,4
100996824,1,9
101014492,0,9
101032176,0,4
101049860,1,1
101067540,36,0
101086256,81,0
101104984,25,1
101123700,1,4
101141388,1,0
101159068,0,1
101176744,9,0
101194416,4,0
101212092,4,0
101229776,16,0
101248492,25,1
101267216,4,0
101284900,225,4
101304660,225,9
101324416,0,0
101342100,49,0
101360816,16,0
101379528,0,0
101397216,9,0
101414892,9,0
101432584,0,0
101450264,1,0
101467936,0,1
101485612,1,0
101503304,4,0
101520976,0,0
101538652,1,0
101556332,1,0
101574020,0,1
101591688,0,1
101609372,0,0
101627052,0,0
101644728,0,0
101662416,1,0
101680092,1,0
101697780,0,0
101715456,0,0
101733128,0,1
101750816,0,0
101768496,0,0
101786176,1,0
101803856,9,0
101821536,1,1
101839216,0,0
101856896,1,0
101874572,0,0
101892256,0,0
101909924,0,0
101927604,0,0
101945280,0,0
101962976,0,0
101980648,0,0
101998332,0,0
102016016,0,0
102033696,1,0
102051376,0,0
102069056,0,0
102086736,0,0
102104416,1,0
102122092,0,0
102139776,0,0
102157456,0,0
102175136,0,0
102192816,0,0
102210480,0,0
102228176,0,0
102245848,0,0
102263536,1,0
102281212,0,0
102298896,0,0
102316576,0,0
102334256,0,0
102351936,0,0
102369624,1,0
102387288,0,0
102404976,1,0
102422656,1,1
102440336,0,0
102458004,0,0
102475688,0,0
102493376,0,0
102511048,0,1
102528728,0,0
102546412,1,0
102564100,0,0
102581784,1,0
102599452,0,1
102617148,0,0
102634824,0,0
102652496,0,0
102670176,1,0
102687856,0,0
102705536,0,0
102723216,1,1
102740888,0,1
102758576,0,0
102776248,1,0
102793944,0,0
102811616,0,0
102829304,1,0
102846968,0,1
102864644,0,0
102882332,0,0
102900016,0,0
102917692,1,0
102935376,1,0
102953052,0,0
102970736,0,0
102988412,1,0
103006092,0,1
103023784,1,0
103041444,0,0
103059128,0,0
103076804,0,0
103094496,0,0
103112168,0,0
103129856,1,0
103147532,1,0
103165216,0,0
103182888,0,0
103200576,0,1
103218256,0,0
103235944,1,0
103253612,0,0
103271296,1,0
103288984,1,0
103306656,0,1
103324328,0,0
103342012,1,0
103359692,0,0
103377376,0,0
103395048,0,0
103412724,0,0
103430416,0,0
103448096,0,1
103465772,0,1
103483460,0,1
103501144,0,0
103518812,0,0
103536492,0,0
103554188,1,0
103571864,0,0
103589524,0,0
103607212,1,0
103624896,0,0
103642568,0,0
103660248,0,0
103677936,0,0
103695624,1,0
103713304,4,0
103730968,0,0
103748652,0,0
103766332,0,0
103784008,0,0
103801684,0,0
103819380,0,1
103837068,1,1
103854736,4,0
103872404,0,0
103890100,0,1
103907776,0,0
103925448,0,0
103943124,0,0
103960816,0,0
103978488,0,1
103996168,0,1
104013856,0,1
104031536,0,0
104049208,0,1
104066892,0,1
104084576,0,0
104102256,1,0
104119928,0,1
104137612,1,0
104155292,0,0
104172964,0,0
104190648,0,0
104208324,0,0
104226020,0,0
104243692,1,0
104261368,0,0
104279056,0,1
104296736,0,1
104314408,0,0
104332088,0,0
104349780,0,1
104367460,0,1
104385128,0,1
104402804,0,0
104420492,0,0
104438176,0,0
104455848,1,0
104473520,0,0
104491216,0,0
104508884,0,0
104526568,0,0
104544252,0,0
104561944,1,0
104579616,0,0
104597288,0,0
104614980,0,0
104632664,0,0
104650324,0,0
104668008,0,0
104685692,1,0
104703376,1,0
104721048,0,0
104738720,0,0
104756424,1,0
104774084,0,0
104791776,0,0
104809448,0,0
104827136,0,0
104844820,1,0
104862500,0,0
104880184,0,0
104897852,0,0
104915536,1,0
104933216,0,0
104950900,0,0
104968576,0,0
104986256,1,0
105003928,0,0
105021616,1,0
105039288,0,0
105056976,0,0
105074648,1,0
105092332,0,0
105110012,0,0
105127692,0,1
105145380,0,1
105163060,0,0
105180724,0,0
105198408,0,0
105216096,0,0
105233788,1,0
105251456,0,0
105269136,1,0
105286816,0,0
105304488,0,0
105322168,0,0
105339840,0,0
105357544,1,0
105375212,1,0
105392888,0,0
105410576,0,0
105428264,1,0
105445936,0,0
105463608,0,0
105481296,0,0
105498976,0,0
105516656,0,0
105534336,0,0
105552012,1,0
105569692,1,0
105587368,0,0
105605040,0,0
105622732,0,0
105640404,0,0
105658088,0,0
105675768,1,0
105693456,0,0
105711136,0,0
105728816,1,0
105746504,1,0
105764176,4,0
105781860,0,1
105799540,0,0
105817220,1,0
105834896,1,0
105852572,0,0
105870240,0,0
105887936,0,0
105905616,0,0
105923288,0,0
105940960,0,0
105958656,0,0
105976340,0,0
105994008,0,0
106011696,0,0
106029384,1,0
106047056,0,0
106064736,0,0
106082416,0,0
106100108,0,1
106117772,0,0
106135448,0,0
106153148,0,0
106170812,1,0
106188484,0,0
106206160,0,0
106223860,0,0
106241536,0,0
106259216,0,0
106276896,0,0
106294584,1,0
106312256,0,1
106329932,0,1
106347616,0,1
106365296,0,0
106382964,0,0
106400660,0,1
106418340,0,1
106436012,0,0
106453684,0,0
106471368,0,1
106489056,0,0
106506736,0,0
106524412,0,0
106542096,0,0
106559776,0,1
106577448,0,0
106595128,0,0
106612816,0,0
106630496,0,0
106648172,1,0
106665856,0,0
106683536,0,0
106701216,1,0
106718884,0,0
106736572,0,1
106754252,0,0
106771928,0,0
106789608,0,1
106807292,0,0
106824980,0,1
106842660,0,0
106860324,0,0
106878016,0,0
106895696,1,0
106913376,1,0
106931048,0,0
106948736,0,0
106966416,0,0
106984096,0,0
107001764,0,0
107019452,0,0
107037136,0,1
107054804,0,0
107072484,0,0
107090176,0,1
107107856,0,1
107125536,0,0
107143216,0,0
107160896,0,0
107178576,0,0
107196256,0,0
107213944,0,0
107231616,0,1
107249288,0,0
107266964,0,0
107284656,1,0
107302324,0,0
107320012,0,0
107337676,0,0
107355380,0,1
107373056,0,1
107390728,0,1
107408416,0,0
107426096,0,0
107443768,0,1
107461448,0,0
107479140,1,0
107496824,1,0
107514500,1,0
107532176,0,0
107549868,0,0
107567540,0,0
107585216,0,0
107602892,1,0
107620580,0,1
107638244,0,0
107655928,0,0
107673616,0,0
107691296,0,0
107708968,0,0
107726656,0,0
107744348,0,0
107762020,0,0
107779696,1,0
107797384,4,1
107815064,1,1
107832736,0,0
107850404,0,0
107868080,0,0
107885776,0,0
107903460,1,0
107921136,0,0
107938804,0,0
107956500,1,0
107974176,0,0
107991848,0,0
108009536,1,0
108027216,1,1
108044896,1,1
108062572,0,0
108080256,0,1
108097932,0,0
108115608,0,0
108133292,0,0
108150984,0,0
108168652,0,0
108186328,0,0
108204000,0,0
108221692,0,0
108239372,0,0
108257048,0,0
108274736,0,0
108292416,0,0
108310088,0,0
108327768,0,0
108345460,1,0
108363136,0,0
108380808,0,1
108398488,0,1
108416176,0,0
108433848,0,0
108451536,0,0
108469204,0,0
108486900,0,0
108504580,0,0
108522252,0,0
108539936,0,0
108557616,0,0
108575284,0,0
108592976,1,0
108610652,0,0
108628332,1,0
108646020,0,0
108663696,0,0
108681376,0,0
108699060,0,1
108716736,0,0
108734400,0,0
108752100,0,1
108769776,0,1
108787460,0,0
108805136,0,1
108822816,0,0
108840488,0,0
108858164,0,0
108875852,0,0
108893536,0,0
108911212,1,0
108928888,0,1
108946572,0,0
108964256,0,0
108981928,0,0
108999600,0,0
109017296,0,0
109034968,0,0
109052644,0,0
109070320,0,0
109088020,0,0
109105704,0,0
109123372,1,0
109141064,1,0
109158736,0,0
109176408,0,0
109194092,1,0
109211776,0,0
109229452,1,0
109247128,0,0
109264808,0,0
109282496,0,0
109300168,0,0
109317848,0,0
109335520,0,0
109353224,1,0
109370896,0,0
109388568,0,0
109406264,0,0
109423936,1,0
109441608,0,0
109459288,0,0
109476972,0,0
109494668,1,0
109512336,0,0
109530008,1,0
109547696,0,0
109565364,0,0
109583048,0,0
109600724,0,0
109618424,0,1
109636084,0,0
109653776,1,0
109671456,0,0
109689132,0,0
109706820,0,0
109724492,0,0
109742172,0,0
109759852,0,0
109777536,1,0
109795208,0,0
109812896,0,0
109830568,0,0
109848256,0,0
109865928,0,0
109883612,0,0
109901296,0,1
109918968,0,0
109936652,0,0
109954332,0,0
109972012,0,1
109989700,0,1
110007372,0,0
110025056,0,0
110042736,1,0
110060416,1,0
110078104,1,0
110095776,0,0
110113448,0,0
110131132,1,0
110148820,1,0
110166488,0,0
110184176,1,0
110201848,4,0
110219536,0,0
110237216,0,1
110254896,0,0
110272584,0,0
110290264,0,1
110307936,0,1
110325608,0,0
110343308,1,0
110360980,1,0
110378652,0,0
110396324,1,1
110414016,1,1
110431700,1,1
